Database;species;species_tpl;plant.duration;Germination_p;Height_cm;LDMC_mg.g;LeafN.mass_mg.g;Root.diameter_mm;RootN.mass_mg.g;RS.ratio;Seed.mass_mg;SLA_mm2.mg;SRL_m.g;RMF_g.g;Root.depth_cm;Root.tissue.density_g.cm3
California_poaceae;Aristida purpurea;Aristida purpurea;perennial;NA;NA;NA;3.284;0.267583333;NA;NA;NA;20.73342332;147.2331947;0.382369686;NA;NA
California_poaceae;Avena barbata;Avena barbata;annual;NA;NA;NA;2.949;0.373688235;NA;NA;NA;24.85041385;149;0.5;NA;NA
California_poaceae;Avena fatua;Avena fatua;annual;NA;NA;NA;1.910185242;NA;NA;NA;NA;26.21181134;27.76162183;NA;NA;NA
California_poaceae;Bromus carinatus;Bromus carinatus;perennial;NA;NA;NA;3.995;0.315;NA;NA;NA;22.00558493;96.20199367;0.454425295;NA;NA
California_poaceae;Bromus diandrus;Bromus diandrus;annual;NA;NA;NA;2.463208175;NA;NA;NA;NA;19.64035746;121.5162658;NA;NA;NA
California_poaceae;Bromus madritensis;Bromus madritensis;annual;NA;NA;NA;4.5185;0.27338;NA;NA;NA;26.33710509;280.9;0.67;NA;NA
California_poaceae;Festuca microstachys;Vulpia microstachys;annual;NA;NA;NA;4.2845;0.20956;NA;NA;NA;20.62284283;305.5671932;0.594208633;NA;NA
California_poaceae;Festuca myuros;Vulpia myuros;annual;NA;NA;NA;3.673;0.205946667;NA;NA;NA;35.6095711;299.5543386;0.560727321;NA;NA
California_poaceae;Lolium perenne;Lolium perenne;1|2;NA;NA;NA;3.034;0.21928;NA;NA;NA;20.99124494;228.1242474;0.423542326;NA;NA
California_poaceae;Hordeum intercedens;Hordeum pusillum;annual;NA;NA;NA;3.0765;0.2668;NA;NA;NA;23.65497742;195.529588;0.600414709;NA;NA
California_poaceae;Leymus condensatus;Leymus condensatus;perennial;NA;NA;NA;5.905625;0.4077375;NA;NA;NA;28.22453918;98.1;0.59;NA;NA
California_poaceae;Melica imperfecta;Melica imperfecta;perennial;NA;NA;NA;5.3775;0.2548;NA;NA;NA;34.33552986;205.8619186;0.509997933;NA;NA
California_poaceae;Muhlenbergia rigens;Muhlenbergia rigens;perennial;NA;NA;NA;3.874;0.206516667;NA;NA;NA;20.01804198;334.4189787;0.357427441;NA;NA
California_poaceae;Stipa pulchra;Nassella pulchra;perennial;NA;NA;NA;5.3695;0.356625;NA;NA;NA;21.2309966;132.7;0.53;NA;NA
Mediterranean_poaceae;Arundo donax;Arundo donax;perennial;NA;132;NA;2.494;NA;NA;NA;NA;10.75721061;28.75;NA;NA;NA
Mediterranean_poaceae;Austrostipa flavescens;Stipa flavescens;perennial;NA;133;NA;2.216;NA;NA;NA;NA;10.18421225;13.06443125;NA;NA;NA
Mediterranean_poaceae;Avena barbata;Avena barbata;annual;NA;320.8;NA;2.528736794;NA;NA;NA;NA;21.58372259;70.57017157;NA;14.16666667;NA
Mediterranean_poaceae;Avena fatua;Avena fatua;annual;NA;186.4;NA;2.344176542;NA;NA;NA;NA;23.67786388;45.96856314;NA;7.626666667;NA
Mediterranean_poaceae;Briza maxima;Briza maxima;annual;NA;94;NA;2.347833981;NA;NA;NA;NA;11.6042008;109.99454;NA;NA;NA
Mediterranean_poaceae;Bromus diandrus;Bromus diandrus;annual;NA;69;NA;2.463208175;NA;NA;NA;NA;19.64035746;121.5162658;NA;6.88;NA
Mediterranean_poaceae;Bromus hordeaceus;Bromus hordeaceus;annual;NA;39.2;NA;1.743091249;NA;NA;NA;NA;24.03720833;45.03389632;NA;7.5;NA
Mediterranean_poaceae;Bromus madritensis;Bromus madritensis;annual;NA;50.8;NA;2.386466074;NA;NA;NA;NA;23.36294703;120.5;NA;7.34;NA
Mediterranean_poaceae;Ehrharta calycina;Ehrharta calycina;2|1;NA;219;NA;2.201137743;NA;NA;NA;NA;14.06942819;20.61106548;NA;NA;NA
Mediterranean_poaceae;Elymus multisetus;Elymus multisetus;perennial;NA;46.2;NA;2.149344468;NA;NA;NA;NA;84.18823041;17.74304127;NA;30.5;NA
Mediterranean_poaceae;Lolium perenne;Lolium perenne;1|2;NA;122.4;NA;2.46429779;NA;NA;NA;NA;8.086804067;111.8463562;NA;NA;NA
Mediterranean_poaceae;Hordeum brachyantherum ssp. Californicum;Hordeum californicum;perennial;NA;53.2;NA;2.953178596;NA;NA;NA;NA;6.296102597;36.26373626;NA;25;NA
Mediterranean_poaceae;Hordeum marinum;Hordeum marinum;annual;NA;16.1;NA;1.293183351;NA;NA;NA;NA;27.08473593;51.67355727;NA;6.7;NA
Mediterranean_poaceae;Hordeum murinum;Hordeum murinum;annual;NA;12.56;NA;3.186;NA;NA;NA;NA;14.30993649;14.07489923;NA;7.833333333;NA
Mediterranean_poaceae;Lagurus ovatus;Lagurus ovatus;annual;NA;15.28;NA;3.092;NA;NA;NA;NA;20.73014693;27.54907555;NA;14.5;NA
Mediterranean_poaceae;Lolium multiflorum;Lolium multiflorum;1|2;NA;24.875;NA;1.708362281;NA;NA;NA;NA;21.77456973;46.72767642;NA;10.3125;NA
Mediterranean_poaceae;Melica californica;Melica californica;perennial;NA;77.2;NA;2.310083246;NA;NA;NA;NA;24.71508458;NA;NA;14;NA
Mediterranean_poaceae;Nassella lepida;Nassella lepida;perennial;NA;85.1;NA;1.740862131;NA;NA;NA;NA;21.37365912;16.56428497;NA;16;NA
Mediterranean_poaceae;Nassella pulchra;Nassella pulchra;perennial;NA;36.4;NA;1.951918054;NA;NA;NA;NA;17.4619879;12.71510752;NA;11.3;NA
Mediterranean_poaceae;Poa secunda;Pseudosclerochloa rupestris;perennial;NA;39.1;NA;1.926326454;NA;NA;NA;NA;22.70907687;10.74856972;NA;9.4;NA
Mediterranean_poaceae;Tribolium uniolae;Tribolium uniolae;perennial;NA;29.2;NA;1.395588698;NA;NA;NA;NA;5.016428669;90.37698413;NA;NA;NA
Mediterranean_poaceae;Festuca bromoides;Vulpia bromoides;annual;NA;21;NA;2.984;NA;NA;NA;NA;NA;73.62427791;NA;7.7;NA
Mediterranean_poaceae;Festuca microstachys var pauciflora;Vulpia microstachys var. pauciflora;annual;NA;26.4;NA;0.808092618;NA;NA;NA;NA;15.01264515;87.73569024;NA;6.25;NA
TRY;Aira caryophyllea;Aira caryophyllea;annual;100;13.25;279.6666667;NA;NA;NA;NA;0.108352941;21.08;NA;NA;NA;NA
TRY;Apera spica-venti;Apera spica-venti;annual;100;66.25;252;NA;NA;NA;NA;0.114117647;19.13333333;NA;NA;NA;NA
TRY;Avena barbata;Avena barbata;annual;100;31.93333333;242.7142857;18.5;NA;NA;NA;9.8196825;28.80384615;NA;NA;NA;NA
TRY;Avena fatua;Avena fatua;annual;95;86.25;242;28.3;NA;NA;NA;20.438;21.775;NA;NA;NA;NA
TRY;Bouteloua aristidoides;Bouteloua aristidoides;annual;65;NA;NA;15.9;NA;NA;NA;0.68;NA;NA;NA;NA;NA
TRY;Brachypodium distachyon;Brachypodium distachyon;annual;98.75;NA;NA;NA;NA;NA;NA;2.899763514;32.24;NA;NA;NA;NA
TRY;Briza maxima;Briza maxima;annual;93.66666667;NA;NA;10.2;NA;NA;NA;2.929583333;68.9;NA;NA;NA;NA
TRY;Briza minor;Briza minor;annual;93.33333333;NA;NA;NA;NA;NA;NA;0.297;NA;NA;NA;NA;NA
TRY;Bromus arvensis;Bromus arvensis;annual;NA;41.77;276;NA;NA;NA;NA;2.387769231;21.77857143;NA;NA;NA;NA
TRY;Bromus diandrus;Bromus diandrus;annual;96;NA;289;NA;NA;NA;NA;10.75;39;NA;NA;NA;NA
TRY;Bromus hordeaceus;Bromus hordeaceus;annual;100;90;287.9409091;21.9;NA;NA;NA;2.637028537;29.60585832;NA;NA;NA;NA
TRY;Bromus japonicus;Bromus japonicus;annual;100;35;286.6;NA;NA;NA;NA;2.756;24.69990132;NA;NA;NA;NA
TRY;Bromus rubens;Bromus rubens;annual;100;NA;NA;NA;NA;NA;NA;2.3161;NA;NA;NA;NA;NA
TRY;Bromus sterilis;Bromus sterilis;annual;100;37.5;230.75;NA;NA;NA;NA;7.0893125;32.26454545;NA;NA;NA;NA
TRY;Bromus tectorum;Bromus tectorum;annual;95.2;29.21428571;158.29;NA;NA;NA;NA;2.972409167;29.59476694;NA;NA;NA;NA
TRY;Chloris virgata;Chloris virgata;annual;89.85714286;90;NA;17.5325;NA;NA;NA;0.15275;9.066873449;NA;NA;NA;NA
TRY;Cynosurus echinatus;Cynosurus echinatus;annual;98.6;41.25;NA;NA;NA;NA;NA;1.520666667;75.9;NA;NA;NA;NA
TRY;Dactyloctenium aegyptium;Dactyloctenium aegyptium;annual;97.18181818;85;NA;20.75;NA;NA;NA;0.327;NA;NA;NA;NA;NA
TRY;Digitaria bicornis;Digitaria bicornis;annual;NA;NA;NA;NA;0.02;NA;NA;NA;NA;NA;NA;NA;NA
TRY;Digitaria ciliaris;Digitaria ciliaris;annual;84;NA;NA;NA;NA;NA;NA;0.5;NA;NA;NA;NA;NA
TRY;Eleusine indica;Eleusine indica;annual;97.33333333;42.57142857;222.1;NA;NA;NA;NA;0.403583333;24.07;NA;NA;NA;NA
TRY;Gaudinia fragilis;Gaudinia fragilis;annual;100;NA;NA;NA;NA;NA;NA;1.97;NA;NA;NA;NA;NA
TRY;Hordeum murinum;Hordeum murinum;annual;100;27.5;210.6155556;NA;NA;NA;NA;5.916762987;34.93470588;NA;NA;NA;NA
TRY;Hordeum murinum subsp. leporinum;Hordeum murinum subsp. leporinum;annual;NA;35.3125;NA;NA;NA;NA;NA;3.9;18.20306265;NA;NA;NA;NA
TRY;Panicum capillare;Panicum capillare;annual;87;45;NA;NA;NA;NA;NA;0.368;27.41311874;NA;NA;NA;NA
TRY;Paspalidium clementii;Paspalidium clementii;annual;NA;40.4;NA;NA;NA;NA;NA;0.492;NA;NA;NA;NA;NA
TRY;Pseudosclerochloa rupestris;Pseudosclerochloa rupestris;annual;NA;41.26774194;NA;NA;NA;NA;NA;0.525;NA;NA;NA;NA;NA
TRY;Schismus arabicus;Schismus arabicus;annual;NA;NA;NA;NA;NA;4.05;NA;0.065;NA;NA;NA;NA;NA
TRY;Schismus barbatus;Schismus barbatus;annual;NA;NA;NA;NA;NA;NA;NA;0.06;NA;NA;NA;NA;NA
TRY;Setaria viridis;Setaria viridis;annual;50.5;NA;253.3214286;23.18;NA;NA;NA;1.0274375;26.48857143;NA;NA;NA;NA
TRY;Ventenata dubia;Ventenata dubia;annual;NA;25;NA;NA;NA;NA;NA;NA;NA;NA;NA;NA;NA
TRY;Festuca bromoides;Vulpia bromoides;annual;100;61.6875;262.3333333;NA;NA;NA;NA;0.472338462;20.86;NA;NA;NA;NA
TRY;Festuca microstachys;Vulpia microstachys;annual;NA;22.5;NA;NA;NA;NA;NA;1.61;NA;NA;NA;NA;NA
TRY;Festuca myuros;Vulpia myuros;annual;97.5;13.375;272;NA;NA;NA;NA;0.450029333;22.38333333;NA;NA;NA;NA
TRY;Agropyron cristatum;Agropyron cristatum;perennial;NA;NA;NA;15.25;NA;NA;NA;1.795;19.29756614;NA;NA;NA;NA
TRY;Agrostis canina;Agrostis canina;perennial;80;31.25;286.1014286;NA;NA;NA;NA;0.056488889;28.76317501;NA;NA;NA;NA
TRY;Agrostis capillaris;Agrostis capillaris;perennial;97;NA;264.7281818;19.17028765;0.013076923;NA;NA;0.059954545;32.22096699;NA;NA;NA;NA
TRY;Agrostis gigantea;Agrostis gigantea;perennial;100;41.25;243.26;NA;NA;NA;NA;0.076123077;29.73733333;NA;NA;NA;NA
TRY;Agrostis rupestris;Agrostis rupestris;perennial;NA;38.68571429;NA;NA;NA;NA;NA;0.116;15.5;NA;NA;NA;NA
TRY;Agrostis scabra;Agrostis scabra;perennial;NA;96.42857143;NA;8.00326776;NA;NA;NA;0.0515;NA;NA;NA;NA;NA
TRY;Agrostis stolonifera;Agrostis stolonifera;perennial;76;3.5;299.1737129;36.88525;0.01;NA;NA;0.050177778;30.20563688;NA;NA;NA;NA
TRY;Alopecurus pratensis;Alopecurus pratensis;perennial;100;21.43809524;348.7836364;NA;NA;NA;NA;0.756;24.7549394;NA;NA;NA;NA
TRY;Andropogon gerardii;Andropogon gerardii;perennial;NA;70;338.0423629;12.51293929;0.01;NA;NA;2.359;19.99459797;NA;NA;NA;NA
TRY;Andropogon glomeratus;Andropogon glomeratus;perennial;NA;61.25;NA;15.3;NA;NA;NA;NA;NA;NA;NA;NA;NA
TRY;Andropogon virginicus;Andropogon virginicus;perennial;NA;114.5233333;NA;13.3;NA;NA;NA;NA;NA;NA;NA;NA;NA
TRY;Anthoxanthum odoratum;Anthoxanthum odoratum;perennial;96.5;NA;292.866;19.54551;0.011111111;NA;NA;0.579453125;29.73010932;NA;NA;NA;NA
TRY;Aristida junciformis;Aristida junciformis;perennial;NA;61.27866667;NA;NA;NA;NA;NA;NA;NA;NA;NA;NA;NA
TRY;Aristida purpurea;Aristida purpurea;perennial;100;34.7;NA;NA;NA;NA;NA;NA;NA;NA;NA;NA;NA
TRY;Arrhenatherum elatius;Arrhenatherum elatius;perennial;94.2;60;286.9633333;26.8;NA;NA;NA;2.944182857;29.31064626;NA;NA;NA;NA
TRY;Astrebla lappacea;Astrebla lappacea;perennial;NA;NA;NA;NA;NA;NA;NA;3.691;10.77429167;NA;NA;NA;NA
TRY;Astrebla pectinata;Astrebla pectinata;perennial;94;118.5583333;NA;NA;NA;NA;NA;3.295333333;NA;NA;NA;NA;NA
TRY;Axonopus fissifolius;Axonopus fissifolius;perennial;NA;90;NA;NA;NA;NA;NA;0.371;NA;NA;NA;NA;NA
TRY;Bothriochloa ischaemum;Bothriochloa ischaemum;perennial;NA;NA;NA;12.9;NA;NA;NA;0.671428571;13.18644068;NA;NA;NA;NA
TRY;Bothriochloa pertusa;Bothriochloa pertusa;perennial;NA;NA;NA;NA;NA;NA;NA;0.7;NA;NA;NA;NA;NA
TRY;Bouteloua curtipendula;Bouteloua curtipendula;perennial;90;19;456.5610812;15;NA;NA;NA;2.255;21.25;NA;NA;NA;NA
TRY;Brachypodium pinnatum;Brachypodium pinnatum;perennial;96.2;NA;362.3333333;18.36666667;NA;NA;NA;2.965561111;24.13956407;NA;NA;NA;NA
TRY;Brachypodium retusum;Brachypodium retusum;perennial;NA;45.03;NA;7.1;NA;NA;NA;NA;7.118496524;NA;NA;NA;NA
TRY;Briza media;Briza media;perennial;96;66.26;284.8663636;18.3;NA;NA;NA;0.426058667;23.53274972;NA;NA;NA;NA
TRY;Bromus carinatus;Bromus carinatus;perennial;98;NA;235;NA;NA;NA;NA;6.7155;20.6;NA;NA;NA;NA
TRY;Bromus catharticus;Bromus catharticus;perennial;96.25;37.04285714;NA;NA;NA;NA;NA;9.575857143;NA;NA;NA;NA;NA
TRY;Bromus erectus;Bromus erectus;perennial;86.33333333;NA;341.7894737;17.225;NA;NA;NA;4.392891358;18.74335673;NA;NA;NA;NA
TRY;Bromus inermis;Bromus inermis;perennial;NA;NA;334.9023055;21.15;NA;NA;NA;3.206352941;22.80308564;NA;NA;NA;NA
TRY;Bromus kalmii;Bromus kalmii;perennial;NA;63.04;375.6814553;NA;NA;NA;NA;2.526;35.6;NA;NA;NA;NA
TRY;Bromus setifolius;Bromus setifolius;perennial;NA;80.88103448;NA;NA;NA;NA;NA;7.366666667;NA;NA;NA;NA;NA
TRY;Calamagrostis canadensis;Calamagrostis canadensis;perennial;NA;70.9;NA;10.98571429;NA;NA;NA;0.0955;35.308;NA;NA;NA;NA
TRY;Calamagrostis stricta;Calamagrostis stricta;perennial;NA;NA;NA;NA;NA;8.9;NA;NA;18.186;NA;NA;NA;NA
TRY;Calamovilfa longifolia;Calamovilfa longifolia;perennial;NA;50;NA;13.59;NA;NA;NA;NA;NA;NA;NA;NA;NA
TRY;Cenchrus ciliaris;Cenchrus ciliaris;perennial;94;100;NA;18.5;NA;NA;NA;1.045571429;NA;NA;NA;NA;NA
TRY;Cymbopogon caesius;Cymbopogon caesius;perennial;94;NA;NA;NA;NA;NA;NA;NA;NA;NA;NA;NA;NA
TRY;Cynodon dactylon;Cynodon dactylon;perennial;94;NA;228.646;28.57367;NA;NA;NA;0.183913043;30.40272727;NA;NA;NA;NA
TRY;Cynosurus cristatus;Cynosurus cristatus;perennial;97.75;300;252.3544444;NA;NA;NA;NA;0.542674074;24.38055556;NA;NA;NA;NA
TRY;Dactylis glomerata;Dactylis glomerata;perennial;88.375;24.55714286;277.5775056;21.55469576;0.014285714;NA;NA;0.868224167;26.92635235;NA;NA;NA;NA
TRY;Danthonia californica;Danthonia californica;perennial;NA;53.5;NA;NA;NA;NA;NA;3.208;NA;NA;NA;NA;NA
TRY;Danthonia decumbens;Danthonia decumbens;perennial;95;82.00606061;349.1185714;16.4;NA;NA;NA;1.445607143;17.304;NA;NA;NA;NA
TRY;Deschampsia cespitosa;Deschampsia cespitosa;perennial;95.42857143;NA;342.5142105;18.6;NA;NA;NA;0.239664815;14.7335869;NA;NA;NA;NA
TRY;Deschampsia flexuosa;Deschampsia flexuosa;perennial;91.66666667;22.5;326.25;22.78762356;NA;NA;NA;0.430762745;18.16646538;NA;NA;NA;NA
TRY;Digitaria californica;Digitaria californica;perennial;NA;46.65;NA;NA;NA;NA;NA;0.38;NA;NA;NA;NA;NA
TRY;Digitaria cognata;Digitaria cognata;perennial;NA;17.02564103;NA;12.94030575;NA;NA;NA;NA;NA;NA;NA;NA;NA
TRY;Ehrharta stipoides;Ehrharta stipoides;perennial;NA;NA;NA;NA;NA;NA;NA;4.97;NA;NA;NA;NA;NA
TRY;Elymus elymoides;Elymus elymoides;perennial;NA;300;NA;16.6;NA;NA;NA;NA;NA;NA;NA;NA;NA
TRY;Elymus glaucus;Elymus glaucus;perennial;82.5;NA;NA;NA;NA;NA;NA;3.474666667;NA;NA;NA;NA;NA
TRY;Elymus lanceolatus;Elymus lanceolatus;perennial;NA;NA;NA;NA;NA;NA;NA;2.9;NA;NA;NA;NA;NA
TRY;Elymus repens;Elymus repens;perennial;98;NA;316.5720178;16.69571926;NA;NA;NA;2.5017;25.22839527;NA;NA;NA;NA
TRY;Elymus smithii;Elymus smithii;perennial;95;NA;NA;28.0185;NA;NA;NA;2.8925;21.05;NA;NA;NA;NA
TRY;Elymus spicatus;Elymus spicatus;perennial;98;68.63387097;NA;NA;NA;NA;NA;4.8;NA;NA;NA;NA;NA
TRY;Eragrostis curvula;Eragrostis curvula;perennial;91.5;NA;NA;11.88333333;0.03;NA;NA;0.291090909;NA;NA;NA;NA;NA
TRY;Eragrostis dielsii;Eragrostis dielsii;perennial;95;NA;NA;NA;NA;NA;NA;0.068;NA;NA;NA;NA;NA
TRY;Eragrostis plana;Eragrostis plana;perennial;100;120;NA;NA;NA;NA;NA;NA;NA;NA;NA;NA;NA
TRY;Eragrostis setifolia;Eragrostis setifolia;perennial;NA;30;NA;NA;NA;NA;NA;0.055;8.930054645;NA;NA;NA;NA
TRY;Eragrostis spectabilis;Eragrostis spectabilis;perennial;NA;100;337.0527505;10.935;NA;NA;NA;0.073;NA;NA;NA;NA;NA
TRY;Festuca arundinacea;Festuca arundinacea;perennial;86.75;50;234;NA;NA;NA;NA;2.160818182;17.39878236;NA;NA;NA;NA
TRY;Festuca guestfalica;Festuca guestfalica;perennial;NA;27.968;NA;NA;NA;NA;NA;NA;NA;NA;NA;NA;NA
TRY;Festuca idahoensis;Festuca idahoensis;perennial;NA;95;NA;NA;NA;NA;NA;0.916;NA;NA;NA;NA;NA
TRY;Festuca ovina;Festuca ovina;perennial;100;44.21428571;314.9707143;16.22636364;NA;NA;NA;0.487922041;16.03810856;NA;NA;NA;NA
TRY;Festuca pratensis;Festuca pratensis;perennial;100;NA;269.3827273;NA;NA;NA;NA;2.064714286;27.0575;NA;NA;NA;NA
TRY;Festuca rubra;Festuca rubra;perennial;100;22.72222222;267;16.43195;0.012;NA;NA;0.993688889;18.64337646;NA;NA;NA;NA
TRY;Festuca rubra subsp. commutata;Festuca rubra subsp. commutata;perennial;NA;72.06666667;NA;NA;NA;NA;NA;NA;37.3276131;NA;NA;NA;NA
TRY;Festuca rupicola;Festuca rupicola;perennial;NA;55.12142857;NA;21.384;NA;NA;NA;0.46;14.17171717;NA;NA;NA;NA
TRY;Festuca vivipara;Festuca vivipara;perennial;NA;NA;367.168;NA;NA;NA;NA;NA;11.216;NA;NA;NA;NA
TRY;Helictotrichon pratense;Helictotrichon pratense;perennial;100;32.5;322.6666667;16.4;NA;NA;NA;2.397513889;11.432;NA;NA;NA;NA
TRY;Helictotrichon pubescens;Helictotrichon pubescens;perennial;100;6.25;264;NA;NA;NA;NA;1.933819048;20.8995828;NA;NA;NA;NA
TRY;Helictotrichon versicolor;Helictotrichon versicolor;perennial;NA;75;NA;NA;NA;NA;NA;NA;13.1;NA;NA;NA;NA
TRY;Heteropogon contortus;Heteropogon contortus;perennial;87;67.5;NA;13.01428571;0.025;NA;NA;2.316;NA;NA;NA;NA;NA
TRY;Hilaria jamesii;Hilaria jamesii;perennial;NA;14;NA;20.4078125;NA;NA;NA;NA;NA;NA;NA;NA;NA
TRY;Holcus lanatus;Holcus lanatus;perennial;96;100;233.3707143;21.06474;0.011666667;NA;NA;0.356853741;33.30273323;NA;NA;NA;NA
TRY;Hordeum pusillum;Hordeum pusillum;perennial;NA;NA;NA;NA;NA;NA;NA;3.2785;32.4;NA;NA;NA;NA
TRY;Imperata cylindrica;Imperata cylindrica;perennial;90.5;49.375;NA;6.25;NA;NA;NA;0.116;11.60042457;NA;NA;NA;NA
TRY;Koeleria macrantha;Koeleria macrantha;perennial;91.2;NA;386.3658629;18.1;NA;NA;NA;0.28636;13.39795056;NA;NA;NA;NA
TRY;Koeleria pyramidata;Koeleria pyramidata;perennial;NA;180;NA;24.1;NA;NA;NA;2.3;16.756;NA;NA;NA;NA
TRY;Koeleria vallesiana;Koeleria vallesiana;perennial;90;18.8547619;NA;NA;NA;NA;NA;0.42;NA;NA;NA;NA;NA
TRY;Leymus chinensis;Leymus chinensis;perennial;NA;44.375;NA;30.47363636;NA;NA;NA;NA;NA;NA;NA;NA;NA
TRY;Leymus triticoides;Leymus triticoides;perennial;NA;8;NA;NA;NA;NA;NA;9.09;NA;NA;NA;NA;NA
TRY;Lolium perenne;Lolium perenne;perennial;83.17647059;NA;221.7481818;28.867595;0.01;NA;NA;2.018088889;27.78209423;NA;NA;NA;NA
TRY;Molinia caerulea;Molinia caerulea;perennial;88;NA;370.3033333;12.65838921;NA;NA;NA;0.768892308;19.50124799;NA;NA;NA;NA
TRY;Monachather paradoxus;Monachather paradoxus;perennial;NA;29.375;NA;NA;NA;NA;NA;2.560666667;NA;NA;NA;NA;NA
TRY;Muhlenbergia racemosa;Muhlenbergia racemosa;perennial;NA;72.3625;NA;31.043;NA;NA;NA;NA;NA;NA;NA;NA;NA
TRY;Nassella clarazii;Nassella clarazii;perennial;86;NA;NA;35.04;NA;NA;NA;8.1;NA;NA;NA;NA;NA
TRY;Nassella viridula;Nassella viridula;perennial;NA;NA;NA;NA;NA;NA;NA;2.4;NA;NA;NA;NA;NA
TRY;Oreochloa disticha;Oreochloa disticha;perennial;NA;NA;NA;NA;NA;NA;NA;NA;9.2;NA;NA;NA;NA
TRY;Panicum acuminatum;Panicum acuminatum;perennial;NA;NA;NA;17.50836364;NA;NA;0.239290273;0.284;NA;NA;NA;NA;NA
TRY;Panicum oligosanthes;Panicum oligosanthes;perennial;60;11.5;NA;18.81861396;NA;NA;0.174156834;1.65;23.11842715;NA;NA;NA;NA
TRY;Panicum virgatum;Panicum virgatum;perennial;67;NA;NA;12.30759456;0.02;NA;NA;1.34875;36.5645;NA;NA;NA;NA
TRY;Pappophorum caespitosum;Pappophorum caespitosum;perennial;NA;NA;NA;20.7;NA;NA;NA;NA;NA;NA;NA;NA;NA
TRY;Pappophorum mucronulatum;Pappophorum mucronulatum;perennial;80;52.2;NA;NA;NA;NA;NA;NA;NA;NA;NA;NA;NA
TRY;Paspalum dilatatum;Paspalum dilatatum;perennial;95.33333333;NA;NA;NA;NA;NA;NA;1.43;NA;NA;NA;NA;NA
TRY;Paspalum notatum;Paspalum notatum;perennial;NA;NA;NA;NA;NA;NA;NA;3.323333333;NA;NA;NA;NA;NA
TRY;Paspalum plicatulum;Paspalum plicatulum;perennial;100;3;NA;NA;NA;NA;NA;1.603333333;NA;NA;NA;NA;NA
TRY;Paspalum quadrifarium;Paspalum quadrifarium;perennial;14;NA;NA;10;NA;NA;NA;NA;NA;NA;NA;NA;NA
TRY;Paspalum urvillei;Paspalum urvillei;perennial;80;NA;NA;NA;NA;NA;NA;0.84;NA;NA;NA;NA;NA
TRY;Paspalum vaginatum;Paspalum vaginatum;perennial;100;NA;NA;NA;NA;NA;NA;NA;NA;NA;NA;NA;NA
TRY;Pennisetum purpureum;Pennisetum purpureum;perennial;87.33333333;3.391304348;NA;NA;NA;NA;NA;0.32;NA;NA;NA;NA;NA
TRY;Phalaris arundinacea;Phalaris arundinacea;perennial;94.5;NA;332.736119;32.4;NA;NA;NA;0.669183333;23.62097977;NA;NA;NA;NA
TRY;Phleum alpinum;Phleum alpinum;perennial;100;NA;375.922;21.92382172;NA;NA;NA;0.3459;18.47200871;NA;NA;NA;NA
TRY;Phleum pratense;Phleum pratense;perennial;96;128.330303;313.0666667;17.36328143;NA;NA;NA;0.4779;25.89020168;NA;NA;NA;NA
TRY;Phragmites australis;Phragmites australis;perennial;92;8;422.4708333;23.80920619;NA;NA;NA;0.369176471;14.1893167;NA;NA;NA;NA
TRY;Poa alpina;Poa alpina;perennial;100;75.08529412;289.188;NA;NA;NA;NA;0.431111111;18.73375;NA;NA;NA;NA
TRY;Poa angustifolia;Poa angustifolia;perennial;85;271.4285714;424.5;14;NA;NA;NA;0.195604151;18.22;NA;NA;NA;NA
TRY;Poa bulbosa;Poa bulbosa;perennial;76;11.9375;211.024;15.57;NA;NA;NA;0.730141818;21.076;NA;NA;NA;NA
TRY;Poa compressa;Poa compressa;perennial;98;42;282.3333333;NA;NA;NA;NA;0.204658824;19.70413175;NA;NA;NA;NA
TRY;Poa ligularis;Poa ligularis;perennial;90;18.25;NA;NA;NA;NA;NA;0.52;NA;NA;NA;NA;NA
TRY;Poa palustris;Poa palustris;perennial;NA;33.94;369.404;NA;NA;NA;NA;0.152615385;28.20111626;NA;NA;NA;NA
TRY;Poa pratensis;Poa pratensis;perennial;98.66666667;120;293.8552115;17.9732628;NA;NA;NA;0.29724359;26.38202642;NA;NA;NA;NA
TRY;Poa trivialis;Poa trivialis;perennial;100;77.09090909;304.3300537;33.6;NA;NA;NA;0.162780952;34.71986329;NA;NA;NA;NA
TRY;Rytidosperma caespitosum;Rytidosperma caespitosum;perennial;NA;43.01666667;NA;NA;NA;NA;NA;NA;5.372594142;NA;NA;NA;NA
TRY;Rytidosperma nudiflorum;Rytidosperma nudiflorum;perennial;NA;133.75;NA;NA;NA;NA;NA;1.275;NA;NA;NA;NA;NA
TRY;Schizachyrium scoparium;Schizachyrium scoparium;perennial;NA;55;340.850784;12.11872719;0.02;NA;NA;1.4;30.24807692;NA;NA;NA;NA
TRY;Setaria leucopila;Setaria leucopila;perennial;NA;NA;NA;NA;NA;NA;NA;0.6;NA;NA;NA;NA;NA
TRY;Setaria nigrirostris;Setaria nigrirostris;perennial;NA;66.86666667;NA;12.8;NA;NA;NA;NA;NA;NA;NA;NA;NA
TRY;Setaria pampeana;Setaria pampeana;perennial;NA;NA;NA;24.7;NA;NA;NA;NA;NA;NA;NA;NA;NA
TRY;Setaria sphacelata;Setaria sphacelata;perennial;65.5;NA;NA;NA;NA;NA;NA;0.71;NA;NA;NA;NA;NA
TRY;Sorghastrum nutans;Sorghastrum nutans;perennial;NA;NA;376.1092797;12.91421233;NA;NA;NA;1.906333333;24.43855966;NA;NA;NA;NA
TRY;Sorghum halepense;Sorghum halepense;perennial;88.75;NA;NA;22.2;NA;NA;NA;3.712;NA;NA;NA;NA;NA
TRY;Sporobolus contractus;Sporobolus contractus;perennial;50;104.4762857;NA;NA;NA;NA;NA;NA;NA;NA;NA;NA;NA
TRY;Sporobolus cryptandrus;Sporobolus cryptandrus;perennial;100;190;NA;12.97358435;NA;NA;NA;0.1155;29.8;NA;NA;NA;NA
TRY;Sporobolus indicus;Sporobolus indicus;perennial;100;NA;NA;NA;NA;NA;NA;0.1575;NA;NA;NA;NA;NA
TRY;Stipa comata;Stipa comata;perennial;78;NA;NA;29.3;0.02;22.5;NA;3.77;16.95;NA;NA;NA;NA
TRY;Stipa parviflora;Stipa parviflora;perennial;95;NA;NA;10.65666667;NA;NA;NA;NA;NA;NA;NA;NA;NA
TRY;Stipa pennata;Stipa pennata;perennial;NA;NA;NA;13.2;NA;NA;NA;27.1948;NA;NA;NA;NA;NA
TRY;Stipa spartea;Stipa spartea;perennial;NA;NA;438.9917494;14.01546154;NA;18;NA;15.45;10.4714483;NA;NA;NA;NA
TRY;Stipa speciosa;Stipa speciosa;perennial;NA;NA;NA;NA;NA;NA;NA;4.43;NA;NA;NA;NA;NA
TRY;Themeda triandra;Themeda triandra;perennial;80;71.65138889;NA;13.63142857;0.02625;NA;NA;2.642681818;NA;NA;NA;NA;NA
TRY;Thyridolepis mitchelliana;Thyridolepis mitchelliana;perennial;NA;NA;NA;NA;NA;NA;NA;1.8455;NA;NA;NA;NA;NA
TRY;Trachypogon spicatus;Trachypogon spicatus;perennial;NA;200;NA;11.3375;NA;NA;NA;NA;NA;NA;NA;NA;NA
TRY;Tridens flavus;Tridens flavus;perennial;NA;30;NA;NA;NA;NA;NA;0.95;NA;NA;NA;NA;NA
TRY;Trisetum flavescens;Trisetum flavescens;perennial;100;NA;307.6666667;30.1;NA;NA;NA;0.311911765;22.34834577;NA;NA;NA;NA
TRY;Trisetum spicatum;Trisetum spicatum;perennial;NA;46.832;NA;NA;NA;NA;NA;0.418;NA;NA;NA;NA;NA
TRY;Tristachya leucothrix;Tristachya leucothrix;perennial;NA;57.825;NA;9.566666667;0.036666667;NA;NA;NA;NA;NA;NA;NA;NA
TRY;Aristida contorta;Aristida contorta;1|2;NA;8.75;NA;NA;NA;NA;NA;2.926;NA;NA;NA;NA;NA
TRY;Aristida holathera;Aristida holathera;1|2;NA;NA;NA;7.85;0.0375;NA;NA;NA;NA;NA;NA;NA;NA
TRY;Enneapogon avenaceus;Enneapogon avenaceus;1|2;100;30;NA;NA;NA;NA;NA;1.084;NA;NA;NA;NA;NA
TRY;Enneapogon polyphyllus;Enneapogon polyphyllus;1|2;NA;NA;NA;10.8;0.06;NA;NA;2.219;6.933;NA;NA;NA;NA
TRY;Eriachne aristidea;Eriachne aristidea;1|2;NA;30;NA;7.3;0.09;NA;NA;1.4;NA;NA;NA;NA;NA
TRY;Lolium multiflorum;Lolium multiflorum;1|2;80;45;265;NA;NA;NA;NA;2.937275862;29.424;NA;NA;NA;NA
TRY;Sphenopholis obtusata;Sphenopholis obtusata;1|2;NA;NA;NA;NA;NA;NA;NA;0.09;NA;NA;NA;NA;NA
TRY;Panicum maximum;Panicum maximum;2|1;91.25;187.5;NA;17.95118658;0.03;NA;NA;0.815;NA;NA;NA;NA;NA
Groot;Agrostis capillaris;Agrostis capillaris;perennial;NA;NA;NA;NA;0.175276095;8.637588531;NA;NA;NA;141.2639378;0.425077037;NA;0.230872486
Groot;Aira elegans;Aira elegans;annual;NA;NA;NA;NA;0.228;NA;NA;NA;NA;760.85;0.185924967;6.6;NA
Groot;Aristida ramosa;Aristida ramosa;perennial;NA;NA;NA;NA;0.4475;NA;NA;NA;NA;80.15;0.233939712;52.7;NA
Groot;Bothriochloa macra;Bothriochloa macra;perennial;NA;NA;NA;NA;0.365;NA;NA;NA;NA;99.25;0.345081288;52.3;NA
Groot;Brachypodium pinnatum;Brachypodium pinnatum;perennial;NA;NA;NA;NA;0.22129993;7.10106212;NA;NA;NA;207.6695041;0.45742541;NA;0.186379697
Groot;Brachypodium sylvaticum;Brachypodium sylvaticum;perennial;NA;NA;NA;NA;0.13;9.35;NA;NA;NA;161;NA;NA;0.31
Groot;Bromus erectus;Bromus erectus;perennial;NA;NA;NA;NA;0.273789089;7.243150315;NA;NA;NA;157.1212818;0.478609045;89.4;0.174709631
Groot;Dactylis glomerata;Dactylis glomerata;perennial;NA;NA;NA;NA;0.256879613;8.170753746;NA;NA;NA;304.2076965;0.484069109;79.6666667;0.138583824
Groot;Deschampsia cespitosa;Deschampsia cespitosa;perennial;NA;NA;NA;NA;0.206048414;9.504294333;NA;NA;NA;364.9892355;0.463646707;NA;0.170736151
Groot;Festuca arundinacea;Festuca arundinacea;perennial;NA;NA;NA;NA;0.383552278;9.306666667;NA;NA;NA;167.503371;0.386256373;141.5;0.208261132
Groot;Festuca rubra;Festuca rubra;perennial;NA;NA;NA;NA;0.135688339;8.260993354;NA;NA;NA;348.147287;0.278900454;33.6666667;0.233235525
Groot;Holcus lanatus;Holcus lanatus;perennial;NA;NA;NA;NA;0.200770082;7.466384427;NA;NA;NA;311.996707;0.439309966;60;0.210999112
Groot;Lolium perenne;Lolium perenne;perennial;NA;NA;NA;NA;0.37800445;8.669534316;NA;NA;NA;220.8471095;0.484061808;95.5;0.104845371
Groot;Phleum pratense;Phleum pratense;perennial;NA;NA;NA;NA;0.185683461;9.288873885;NA;NA;NA;393.5587203;0.326589163;15.2857143;0.155576899
Groot;Poa labillardierei;Poa labillardierei;perennial;NA;NA;NA;NA;0.2545;NA;NA;NA;NA;148.8;0.35351759;63.2;NA
Groot;Rytidosperma caespitosum;Rytidosperma caespitosum;perennial;NA;NA;NA;NA;0.271;NA;NA;NA;NA;168.7;0.293839227;66;NA
Groot;Themeda triandra;Themeda triandra;perennial;NA;NA;NA;NA;0.31625;4.35;NA;NA;NA;61.55;0.371850902;58.25;0.6525
Groot;Vulpia bromoides;Vulpia bromoides;annual;NA;NA;NA;NA;0.2945;NA;NA;NA;NA;417.75;0.405441865;49.95;NA
Groot;Alopecurus magellanicus;Alopecurus magellanicus;perennial;NA;NA;NA;NA;NA;6.7;NA;NA;NA;NA;NA;NA;NA
Groot;Deschampsia flexuosa;Deschampsia flexuosa;perennial;NA;NA;NA;NA;NA;7.09314162;NA;NA;NA;196.6766667;0.357471274;NA;NA
Groot;Festuca ovina;Festuca ovina;perennial;NA;NA;NA;NA;0.205406167;7.790299962;NA;NA;NA;180.6632143;0.346186217;27.5025;0.18
Groot;Nardus stricta;Nardus stricta;perennial;NA;NA;NA;NA;0.29075;8.674398438;NA;NA;NA;32.78959999;0.425;NA;NA
Groot;Phippsia algida;Phippsia algida;perennial;NA;NA;NA;NA;NA;NA;NA;NA;NA;NA;0.316306666;NA;NA
Groot;Agrostis gigantea;Agrostis gigantea;perennial;NA;NA;NA;NA;NA;NA;NA;NA;NA;NA;0.387208633;NA;NA
Groot;Agrostis stolonifera;Agrostis stolonifera;perennial;NA;NA;NA;NA;0.140593939;6.2;NA;NA;NA;353.7043306;0.363783369;NA;0.212659866
Groot;Agrostis vinealis;Agrostis vinealis;perennial;NA;NA;NA;NA;NA;5.944735451;NA;NA;NA;95.79514194;0.326865672;NA;NA
Groot;Alopecurus bulbosus;Alopecurus bulbosus;perennial;NA;NA;NA;NA;0.142;NA;NA;NA;NA;NA;NA;NA;0.189
Groot;Alopecurus geniculatus;Alopecurus geniculatus;perennial;NA;NA;NA;NA;0.178933333;NA;NA;NA;NA;159.7581014;0.641626464;NA;0.146255742
Groot;Alopecurus pratensis;Alopecurus pratensis;perennial;NA;NA;NA;NA;0.305414955;9.698958476;NA;NA;NA;230.6921222;0.737219012;NA;0.069943613
Groot;Ammophila arenaria;Ammophila arenaria;perennial;NA;NA;NA;NA;NA;NA;NA;NA;NA;NA;0.255;NA;NA
Groot;Anthoxanthum odoratum;Anthoxanthum odoratum;perennial;NA;NA;NA;NA;0.166926463;9.602981942;NA;NA;NA;344.3025853;0.534301054;15.5;0.107066623
Groot;Arrhenatherum elatius;Arrhenatherum elatius;perennial;NA;NA;NA;NA;0.304707692;8.902914385;NA;NA;NA;190.1954961;0.590536924;NA;0.119407807
Groot;Avena sativa;Avena sativa;annual;NA;NA;NA;NA;0.496;NA;NA;NA;NA;116.019;0.281555556;NA;0.046
Groot;Briza media;Briza media;perennial;NA;NA;NA;NA;0.171363333;2.042559524;NA;NA;NA;288.6987236;0.470096477;NA;0.179667951
Groot;Bromus inermis;Bromus inermis;perennial;NA;NA;NA;NA;0.281416667;17.20145333;NA;NA;NA;108.7724975;0.559941695;NA;0.268601793
Groot;Calamagrostis arundinacea;Calamagrostis arundinacea;perennial;NA;NA;NA;NA;NA;9.422203803;NA;NA;NA;308.595238;NA;NA;NA
Groot;Calamagrostis epigejos;Calamagrostis epigejos;perennial;NA;NA;NA;NA;NA;6.6;NA;NA;NA;57.46375;0.334993837;NA;NA
Groot;Calamagrostis purpurea;Calamagrostis purpurea;perennial;NA;NA;NA;NA;NA;NA;NA;NA;NA;NA;NA;30;NA
Groot;Calamagrostis stricta;Calamagrostis stricta;perennial;NA;NA;NA;NA;NA;8.9;NA;NA;NA;NA;NA;NA;NA
Groot;Corynephorus canescens;Corynephorus canescens;perennial;NA;NA;NA;NA;NA;1.65297619;NA;NA;NA;432.6;0.314558153;NA;NA
Groot;Cynosurus cristatus;Cynosurus cristatus;perennial;NA;NA;NA;NA;0.200318519;8.984294197;NA;NA;NA;360.0166897;0.499845166;NA;0.080059987
Groot;Danthonia decumbens;Danthonia decumbens;perennial;NA;NA;NA;NA;NA;NA;NA;NA;NA;NA;0.46;NA;NA
Groot;Elymus hispidus;Elymus hispidus;perennial;NA;NA;NA;NA;NA;NA;NA;NA;NA;NA;NA;147.32;NA
Groot;Elymus repens;Elymus repens;perennial;NA;NA;NA;NA;0.258457785;16.42030861;NA;NA;NA;91.89875611;0.453232931;243.84;0.220460629
Groot;Festuca filiformis;Festuca filiformis;perennial;NA;NA;NA;NA;0.1;4.9;NA;NA;NA;NA;NA;NA;0.32
Groot;Festuca pratensis;Festuca pratensis;perennial;NA;NA;NA;NA;0.217565197;9.037334647;NA;NA;NA;289.7039134;0.614932652;NA;0.091553497
Groot;Festuca subverticillata;Festuca subverticillata;perennial;NA;NA;NA;NA;0.17404;NA;NA;NA;NA;177.3814891;0.291620897;NA;0.269359186
Groot;Helictotrichon pubescens;Helictotrichon pubescens;perennial;NA;NA;NA;NA;0.193882251;7.643440397;NA;NA;NA;248.0535044;0.53887299;30;0.074898408
Groot;Hierochloe alpina;Hierochloe alpina;perennial;NA;NA;NA;NA;NA;NA;NA;NA;NA;NA;NA;20;NA
Groot;Holcus mollis;Holcus mollis;perennial;NA;NA;NA;NA;NA;2.6;NA;NA;NA;NA;0.469485029;NA;NA
Groot;Hordeum secalinum;Hordeum secalinum;annual;NA;NA;NA;NA;0.199;NA;NA;NA;NA;NA;NA;NA;0.242
Groot;Hyparrhenia hirta;Hyparrhenia hirta;perennial;NA;NA;NA;NA;0.2;6.3;NA;NA;NA;NA;NA;NA;0.55
Groot;Koeleria macrantha;Koeleria macrantha;perennial;NA;NA;NA;NA;0.231432767;8.54170382;NA;NA;NA;150.8218503;0.522549003;NA;0.43423927
Groot;Koeleria pyramidata;Koeleria pyramidata;perennial;NA;NA;NA;NA;0.401678458;NA;NA;NA;NA;185.6372927;0.702903444;NA;0.312612613
Groot;Koeleria vallesiana;Koeleria vallesiana;perennial;NA;NA;NA;NA;0.366132113;19.775;NA;NA;NA;86.18117333;NA;NA;0.170799038
Groot;Leersia oryzoides;Leersia oryzoides;perennial;NA;NA;NA;NA;NA;16.16695749;NA;NA;NA;69.52845635;0.42575;NA;NA
Groot;Lolium multiflorum;Lolium multiflorum;annual;NA;NA;NA;NA;0.26045;17.31666667;NA;NA;NA;178.6858956;0.266641766;14.5714286;0.022
Groot;Molinia caerulea;Molinia caerulea;perennial;NA;NA;NA;NA;0.269333333;8.366751778;NA;NA;NA;56.8752851;0.41125;80;NA
Groot;Phalaris arundinacea;Phalaris arundinacea;perennial;NA;NA;NA;NA;0.252341667;NA;NA;NA;NA;159.3597052;0.473860399;NA;0.181670595
Groot;Phleum alpinum;Phleum alpinum;perennial;NA;NA;NA;NA;NA;9.103855654;NA;NA;NA;73.35000002;NA;NA;NA
Groot;Phleum phleoides;Phleum phleoides;perennial;NA;NA;NA;NA;NA;NA;NA;NA;NA;NA;0.35022742;NA;NA
Groot;Phragmites australis;Phragmites australis;perennial;NA;NA;NA;NA;0.18602;11.26666667;NA;NA;NA;322.7959115;0.404672131;115;0.126872908
Groot;Poa alpina;Poa alpina;perennial;NA;NA;NA;NA;NA;12.54;NA;NA;NA;NA;0.313259362;38;NA
Groot;Poa angustifolia;Poa angustifolia;perennial;NA;NA;NA;NA;0.113446154;NA;NA;NA;NA;657.7263061;0.701897019;NA;0.316453559
Groot;Poa bulbosa;Poa bulbosa;perennial;NA;NA;NA;NA;NA;10.49;NA;NA;NA;NA;NA;NA;NA
Groot;Poa compressa;Poa compressa;perennial;NA;NA;NA;NA;NA;8.044205308;NA;NA;NA;54.78892979;0.391862314;NA;NA
Groot;Poa nemoralis;Poa nemoralis;perennial;NA;NA;NA;NA;0.25;NA;NA;NA;NA;169;NA;4;0.13
Groot;Poa pratensis;Poa pratensis;perennial;NA;NA;NA;NA;0.196318683;8.90566432;NA;NA;NA;312.2654633;0.632082184;20;0.107208566
Groot;Poa trivialis;Poa trivialis;perennial;NA;NA;NA;NA;0.173758288;10.17379504;NA;NA;NA;601.5858444;0.587852808;NA;0.080269491
Groot;Puccinellia maritima;Puccinellia maritima;perennial;NA;NA;NA;NA;NA;9.166265746;NA;NA;NA;NA;0.134915186;NA;NA
Groot;Sesleria caerulea;Sesleria caerulea;perennial;NA;NA;NA;NA;0.159552632;9.7;NA;NA;NA;218.165062;NA;NA;0.250637353
Groot;Sorghum halepense;Sorghum halepense;perennial;NA;NA;NA;NA;NA;NA;NA;NA;NA;NA;0.31125;NA;NA
Groot;Spartina alterniflora;Spartina alterniflora;perennial;NA;NA;NA;NA;NA;5.525;NA;NA;NA;NA;0.171666667;NA;NA
Groot;Spartina anglica;Spartina anglica;perennial;NA;NA;NA;NA;NA;10.72698843;NA;NA;NA;NA;0.117938408;NA;NA
Groot;Spartina townsendii;Spartina townsendii;perennial;NA;NA;NA;NA;NA;NA;NA;NA;NA;NA;0.184;NA;NA
Groot;Stipa pennata;Stipa pennata;perennial;NA;NA;NA;NA;0.4617094;10.1;NA;NA;NA;45.88074833;NA;NA;0.238540863
Groot;Trisetum flavescens;Trisetum flavescens;perennial;NA;NA;NA;NA;0.175392308;8.795034255;NA;NA;NA;447.4973772;0.468430402;NA;0.166445278
Groot;Agropyron cristatum;Agropyron cristatum;perennial;NA;NA;NA;NA;0.128451606;9.53;NA;NA;NA;39.92666667;NA;100;NA
Groot;Agrostis scabra;Agrostis scabra;perennial;NA;NA;NA;NA;0.21;12.3048825;NA;NA;NA;109;NA;NA;0.2
Groot;Alloteropsis semialata;Alloteropsis semialata;perennial;NA;NA;NA;NA;0.4375;2.7625;NA;NA;NA;NA;NA;NA;0.97375
Groot;Andropogon gayanus;Andropogon gayanus;perennial;NA;NA;NA;NA;0.3;2.3;NA;NA;NA;NA;NA;NA;0.78
Groot;Andropogon gerardii;Andropogon gerardii;perennial;NA;NA;NA;NA;0.216966667;9.393158056;NA;NA;NA;60.09709758;0.467881279;167.7033333;0.408045977
Groot;Andropogon hallii;Andropogon hallii;perennial;NA;NA;NA;NA;0.3;7.7;NA;NA;NA;NA;NA;68.58;0.41
Groot;Aristida holathera;Aristida holathera;1|2;NA;NA;NA;NA;0.375;2.975;NA;NA;NA;NA;NA;NA;0.745
Groot;Aristida inaequiglumis;Aristida inaequiglumis;perennial;NA;NA;NA;NA;0.25;3.8;NA;NA;NA;NA;NA;NA;0.585
Groot;Aristida oligantha;Aristida oligantha;annual;NA;NA;NA;NA;0.1947;NA;NA;NA;NA;126.9533509;0.256134375;101.6;0.302611771
Groot;Aristida purpurea;Aristida purpurea;perennial;NA;NA;NA;NA;0.2614;6.528089643;NA;NA;NA;26.65175783;0.366204139;131.5133333;0.356693928
Groot;Arthraxon hispidus;Arthraxon hispidus;annual;NA;NA;NA;NA;0.598;4.43;NA;NA;NA;13.06;NA;NA;NA
Groot;Avena sterilis;Avena sterilis;annual;NA;NA;NA;NA;0.483;NA;NA;NA;NA;95.222;0.451915316;NA;0.058
Groot;Bewsia biflora;Bewsia biflora;perennial;NA;NA;NA;NA;0.3;4.8;NA;NA;NA;NA;NA;NA;0.54
Groot;Bothriochloa insculpta;Bothriochloa insculpta;perennial;NA;NA;NA;NA;0.3;4.14;NA;NA;NA;NA;NA;NA;0.556
Groot;Bouteloua curtipendula;Bouteloua curtipendula;perennial;NA;NA;NA;NA;0.225233333;13.6452491;NA;NA;NA;108.473243;0.404404903;NA;0.311237007
Groot;Brachiaria mutica;Brachiaria mutica;perennial;NA;NA;NA;NA;0.4;3;NA;NA;NA;NA;NA;NA;0.6
Groot;Brachiaria pubigera;Brachiaria pubigera;annual;NA;NA;NA;NA;0.3;7.8;NA;NA;NA;NA;NA;NA;0.37
Groot;Brachypodium phoenicoides;Brachypodium phoenicoides;perennial;NA;NA;NA;NA;0.286997355;11.09666667;NA;NA;NA;133.1133333;0.374;NA;0.089
Groot;Bromus anomalus;Bromus anomalus;perennial;NA;NA;NA;NA;0.192933333;8.671428571;NA;NA;NA;263.1039556;NA;NA;0.104648457
Groot;Bromus catharticus;Bromus catharticus;perennial;NA;NA;NA;NA;0.30525;4.9;NA;NA;NA;129.3385704;0.28;NA;0.079079135
Groot;Bromus commutatus;Bromus commutatus;annual;NA;NA;NA;NA;0.16;NA;NA;NA;NA;NA;NA;150;0.151
Groot;Bromus hordeaceus;Bromus hordeaceus;annual;NA;NA;NA;NA;0.213508456;8.874774068;NA;NA;NA;471.2364007;0.391482632;NA;0.137083333
Groot;Bromus madritensis;Bromus madritensis;annual;NA;NA;NA;NA;0.243505039;10.78666667;NA;NA;NA;341.3066667;0.390333333;NA;0.0645
Groot;Calamagrostis canadensis;Calamagrostis canadensis;perennial;NA;NA;NA;NA;0.22;23.4462575;NA;NA;NA;105.5834016;0.257249738;37.6111111;0.11
Groot;Calamagrostis lapponica;Calamagrostis lapponica;perennial;NA;NA;NA;NA;0.61;9.028617016;NA;NA;NA;NA;NA;3.3;NA
Groot;Calamovilfa longifolia;Calamovilfa longifolia;perennial;NA;NA;NA;NA;0.48;5.2246;NA;NA;NA;33;NA;178.872;0.18
Groot;Chionochloa crassiuscula;Chionochloa crassiuscula;perennial;NA;NA;NA;NA;0.3;5;NA;NA;NA;NA;NA;NA;0.3
Groot;Chionochloa rigida;Chionochloa rigida;perennial;NA;NA;NA;NA;0.15;5.250536667;NA;NA;NA;NA;NA;NA;0.415
Groot;Chionochloa rubra;Chionochloa rubra;perennial;NA;NA;NA;NA;0.18;7.68;NA;NA;NA;NA;NA;NA;0.345
Groot;Chionochloa teretifolia;Chionochloa teretifolia;perennial;NA;NA;NA;NA;0.25;5.35;NA;NA;NA;NA;NA;NA;0.38
Groot;Chloris pycnothrix;Chloris pycnothrix;1|2;NA;NA;NA;NA;0.564;5.35;NA;NA;NA;19.98;NA;NA;NA
Groot;Chloris verticillata;Chloris verticillata;perennial;NA;NA;NA;NA;0.2094;NA;NA;NA;NA;74.40081704;0.384538532;NA;0.4036723
Groot;Chrysopogon benthamianus;Chrysopogon benthamianus;perennial;NA;NA;NA;NA;0.75;3.166666667;NA;NA;NA;NA;NA;NA;0.39
Groot;Chrysopogon latifolius;Chrysopogon latifolius;perennial;NA;NA;NA;NA;0.833333333;3.2;NA;NA;NA;NA;NA;NA;0.283333333
Groot;Cleistogenes squarrosa;Cleistogenes squarrosa;perennial;NA;NA;NA;NA;0.155341742;5.858;NA;NA;NA;34.2095;NA;NA;NA
Groot;Coelorachis rottboellioides;Coelorachis rottboellioides;perennial;NA;NA;NA;NA;0.333333333;2.5;NA;NA;NA;NA;NA;NA;0.69
Groot;Cymbopogon obtectus;Cymbopogon obtectus;perennial;NA;NA;NA;NA;0.3;4.6;NA;NA;NA;NA;NA;NA;0.62
Groot;Dactyloctenium australe;Dactyloctenium australe;perennial;NA;NA;NA;NA;0.1;5.4;NA;NA;NA;NA;NA;NA;0.7
Groot;Danthonia intermedia;Danthonia intermedia;perennial;NA;NA;NA;NA;0.3774;NA;NA;NA;NA;15.56514286;NA;NA;0.583333333
Groot;Digitaria bicornis;Digitaria bicornis;annual;NA;NA;NA;NA;0.2;3.7;NA;NA;NA;NA;NA;NA;0.72
Groot;Digitaria longiflora;Digitaria longiflora;1|2;NA;NA;NA;NA;0.2;7;NA;NA;NA;NA;NA;NA;0.62
Groot;Digitaria setigera;Digitaria setigera;annual;NA;NA;NA;NA;0.355;12.67;NA;NA;NA;36.09;NA;NA;NA
Groot;Diheteropogon filifolius;Diheteropogon filifolius;perennial;NA;NA;NA;NA;0.2;5.5;NA;NA;NA;NA;NA;NA;0.63
Groot;Dupontia fisheri;Dupontia fisheri;perennial;NA;NA;NA;NA;0.03;NA;NA;NA;NA;NA;NA;14.25;NA
Groot;Ehrharta stipoides;Ehrharta stipoides;perennial;NA;NA;NA;NA;0.177587467;NA;NA;NA;NA;195.060886;0.088935992;91.5;NA
Groot;Eleusine indica;Eleusine indica;annual;NA;NA;NA;NA;0.1162;NA;NA;NA;NA;317.399968;0.236385597;NA;0.29663462
Groot;Elionurus muticus;Elionurus muticus;perennial;NA;NA;NA;NA;0.4;3.8;NA;NA;NA;NA;NA;NA;0.53
Groot;Elymus canadensis;Elymus canadensis;perennial;NA;NA;NA;NA;0.202888333;15.56192833;NA;NA;NA;144.710255;0.427228491;55.88;0.191672583
Groot;Elymus hondae;Elymus hondae;perennial;NA;NA;NA;NA;0.152306746;NA;NA;NA;NA;NA;NA;NA;0.356212319
Groot;Elymus lanceolatus;Elymus lanceolatus;perennial;NA;NA;NA;NA;0.221186667;NA;NA;NA;NA;94.78007133;NA;125;0.30820288
Groot;Elymus riparius;Elymus riparius;perennial;NA;NA;NA;NA;0.1613;NA;NA;NA;NA;200.1491864;0.31;NA;NA
Groot;Elymus scabrus;Elymus scabrus;perennial;NA;NA;NA;NA;0.2;5.9;NA;NA;NA;NA;NA;NA;0.53
Groot;Elymus spicatus;Elymus spicatus;perennial;NA;NA;NA;NA;0.237714286;NA;NA;NA;NA;103.8213416;0.46;125.525508;0.153771092
Groot;Elymus villosus;Elymus villosus;perennial;NA;NA;NA;NA;0.150375;NA;NA;NA;NA;148.1719818;0.2471782;NA;0.403540218
Groot;Elymus virginicus;Elymus virginicus;perennial;NA;NA;NA;NA;0.210707857;NA;NA;NA;NA;253.2097108;0.328824272;NA;0.161021321
Groot;Enneapogon polyphyllus;Enneapogon polyphyllus;1|2;NA;NA;NA;NA;0.6;3.7;NA;NA;NA;NA;NA;NA;0.44
Groot;Eragrostis capensis;Eragrostis capensis;perennial;NA;NA;NA;NA;0.233333333;5.333333333;NA;NA;NA;NA;NA;NA;0.75
Groot;Eragrostis cumingii;Eragrostis cumingii;perennial;NA;NA;NA;NA;0.3;7.8;NA;NA;NA;NA;NA;NA;0.34
Groot;Eragrostis curvula;Eragrostis curvula;perennial;NA;NA;NA;NA;0.3;5.6;NA;NA;NA;NA;NA;NA;0.53
Groot;Eragrostis pectinacea;Eragrostis pectinacea;annual;NA;NA;NA;NA;0.15845;NA;NA;NA;NA;197.8109177;0.248395284;NA;0.31908446
Groot;Eragrostis superba;Eragrostis superba;perennial;NA;NA;NA;NA;0.25;6.05;NA;NA;NA;NA;NA;NA;0.685
Groot;Eragrostis trichodes;Eragrostis trichodes;perennial;NA;NA;NA;NA;0.21;NA;NA;NA;NA;73;NA;NA;0.39
Groot;Eriachne aristidea;Eriachne aristidea;1|2;NA;NA;NA;NA;0.9;4.5;NA;NA;NA;NA;NA;NA;0.33
Groot;Eriachne ciliata;Eriachne ciliata;annual;NA;NA;NA;NA;0.55;3.05;NA;NA;NA;NA;NA;NA;0.54
Groot;Eriachne obtusa;Eriachne obtusa;perennial;NA;NA;NA;NA;0.3;2.65;NA;NA;NA;NA;NA;NA;0.34
Groot;Eulalia aurea;Eulalia aurea;perennial;NA;NA;NA;NA;0.4;2.3;NA;NA;NA;NA;NA;NA;0.42
Groot;Festuca christianii-bernardii;Festuca christianii-bernardii;perennial;NA;NA;NA;NA;0.244333333;9.18;NA;NA;NA;215.4633333;0.45;76.07;0.1165
Groot;Festuca guestfalica;Festuca guestfalica;perennial;NA;NA;NA;NA;0.124066667;NA;NA;NA;NA;168.2996042;0.780297661;NA;0.482894737
Groot;Festuca hallii;Festuca hallii;perennial;NA;NA;NA;NA;0.20186;NA;NA;NA;NA;82.94415808;NA;NA;0.499767239
Groot;Festuca nigrescens;Festuca nigrescens;perennial;NA;NA;NA;NA;0.124733333;NA;NA;NA;NA;188.8395382;0.619047619;NA;0.471014493
Groot;Festuca novae-zealandiae;Festuca novae-zealandiae;perennial;NA;NA;NA;NA;0.181818182;6.036363636;NA;NA;NA;46.0132553;NA;NA;0.294082736
Groot;Festuca thurberi;Festuca thurberi;perennial;NA;NA;NA;NA;0.6309925;7.735753286;NA;NA;NA;37.3688317;NA;NA;NA
Groot;Harpochloa falx;Harpochloa falx;perennial;NA;NA;NA;NA;0.2;1;NA;NA;NA;NA;NA;NA;0.48
Groot;Helictotrichon pratense;Helictotrichon pratense;perennial;NA;NA;NA;NA;0.1543;NA;NA;NA;NA;85.98480816;0.507531133;NA;0.669747899
Groot;Heteropogon contortus;Heteropogon contortus;perennial;NA;NA;NA;NA;0.25;4.15;NA;NA;NA;NA;0.29;NA;0.62
Groot;Heteropogon triticeus;Heteropogon triticeus;perennial;NA;NA;NA;NA;0.3;2.933333333;NA;NA;NA;NA;NA;NA;0.611111111
Groot;Hordeum jubatum;Hordeum jubatum;perennial;NA;NA;NA;NA;0.183208333;NA;NA;NA;NA;151.314399;0.437538435;NA;0.277054913
Groot;Hordeum marinum;Hordeum marinum;annual;NA;NA;NA;NA;0.246;NA;NA;NA;NA;NA;NA;NA;0.178
Groot;Hordeum murinum;Hordeum murinum;annual;NA;NA;NA;NA;0.217582152;NA;NA;NA;NA;204.9930273;0.309255778;10;NA
Groot;Hordeum pusillum;Hordeum pusillum;perennial;NA;NA;NA;NA;0.1830875;NA;NA;NA;NA;157.1579379;0.46335377;NA;0.278984039
Groot;Hordeum spontaneum;Hordeum spontaneum;perennial;NA;NA;NA;NA;0.585;NA;NA;NA;NA;64.675;0.478111111;NA;0.059
Groot;Hordeum vulgare;Hordeum vulgare;annual;NA;NA;NA;NA;0.747;NA;NA;NA;NA;56.512;0.291287037;NA;0.041
Groot;Hyparrhenia filipendula;Hyparrhenia filipendula;perennial;NA;NA;NA;NA;0.25;4.85;NA;NA;NA;NA;NA;NA;0.66
Groot;Hyperthelia dissoluta;Hyperthelia dissoluta;perennial;NA;NA;NA;NA;0.3;3.1;NA;NA;NA;NA;NA;NA;0.65
Groot;Leptochloa fusca;Leptochloa fusca;perennial;NA;NA;NA;NA;0.2;5;NA;NA;NA;NA;NA;NA;0.7
Groot;Leymus chinensis;Leymus chinensis;perennial;NA;NA;NA;NA;0.152442283;NA;NA;NA;NA;67.6375;NA;NA;NA
Groot;Lolium rigidum;Lolium rigidum;annual;NA;NA;NA;NA;0.193600971;NA;NA;NA;NA;254.9433488;0.363268135;NA;NA
Groot;Loudetia simplex;Loudetia simplex;perennial;NA;NA;NA;NA;0.4;5.05;NA;NA;NA;NA;NA;NA;0.64
Groot;Nassella viridula;Nassella viridula;perennial;NA;NA;NA;NA;0.23675;NA;NA;NA;NA;54.89286067;NA;110;0.517363388
Groot;Oryza rufipogon;Oryza rufipogon;perennial;NA;NA;NA;NA;0.265;NA;NA;NA;NA;190.926;0.341;NA;0.098
Groot;Oryza sativa;Oryza sativa;annual;NA;NA;NA;NA;0.546416667;14;NA;NA;NA;54.793;0.350074074;NA;0.132
Groot;Panicum acuminatum;Panicum acuminatum;perennial;NA;NA;NA;NA;0.168425;NA;NA;NA;NA;180.896992;0.301456924;NA;0.26424325
Groot;Panicum capillare;Panicum capillare;annual;NA;NA;NA;NA;0.1917;NA;NA;NA;NA;218;0.409817185;NA;0.14
Groot;Panicum coloratum;Panicum coloratum;perennial;NA;NA;NA;NA;0.45;8.05;NA;NA;NA;NA;0.3175;NA;0.34
Groot;Panicum decompositum;Panicum decompositum;perennial;NA;NA;NA;NA;0.6;3.1;NA;NA;NA;NA;NA;NA;0.24
Groot;Panicum deustum;Panicum deustum;perennial;NA;NA;NA;NA;0.3;5.8;NA;NA;NA;NA;NA;NA;0.73
Groot;Panicum maximum;Panicum maximum;2|1;NA;NA;NA;NA;0.3;4.4;NA;NA;NA;NA;0.205;NA;0.67
Groot;Panicum virgatum;Panicum virgatum;perennial;NA;NA;NA;NA;0.2713675;14.25758274;NA;NA;NA;120.510799;0.296204426;99.0511111;0.32898758
Groot;Parapholis strigosa;Parapholis strigosa;annual;NA;NA;NA;NA;0.122;NA;NA;NA;NA;NA;NA;NA;0.294
Groot;Pennisetum glaucum;Pennisetum glaucum;annual;NA;NA;NA;NA;0.293058334;NA;NA;NA;NA;149.9133309;0.359416667;NA;0.183070736
Groot;Pennisetum polystachion;Pennisetum polystachion;1|2;NA;NA;NA;NA;0.3;4.85;NA;NA;NA;NA;NA;NA;0.485
Groot;Perotis patens;Perotis patens;1|2;NA;NA;NA;NA;0.3;3.8;NA;NA;NA;NA;NA;NA;0.8
Groot;Phalaris aquatica;Phalaris aquatica;perennial;NA;NA;NA;NA;0.28382629;NA;NA;NA;NA;212.4451368;0.261480899;117;NA
Groot;Pleioblastus amarus;Pleioblastus amarus;perennial;NA;NA;NA;NA;0.507224593;6.316095936;NA;NA;NA;12.60696236;NA;NA;0.765399718
Groot;Poa annua;Poa annua;annual;NA;NA;NA;NA;0.158140084;4.338571429;NA;NA;NA;292.6922313;0.337731798;NA;0.441433566
Groot;Poa arida;Poa arida;perennial;NA;NA;NA;NA;0.1350125;NA;NA;NA;NA;258.7134509;0.308751795;NA;0.295867005
Groot;Poa cita;Poa cita;perennial;NA;NA;NA;NA;0.1;9.066666667;NA;NA;NA;NA;NA;NA;0.386666667
Groot;Poa colensoi;Poa colensoi;perennial;NA;NA;NA;NA;0.1625;5.5375;NA;NA;NA;NA;NA;NA;0.5
Groot;Poa cusickii;Poa cusickii;perennial;NA;NA;NA;NA;0.1684;NA;NA;NA;NA;134.2380045;NA;NA;0.35709192
Groot;Poa glauca;Poa glauca;perennial;NA;NA;NA;NA;0.35;NA;NA;NA;NA;0.91376;NA;25;NA
Groot;Poa leptocoma;Poa leptocoma;perennial;NA;NA;NA;NA;0.544646667;NA;NA;NA;NA;58.19390045;NA;NA;NA
Groot;Pseudosclerochloa rupestris;Pseudosclerochloa rupestris;annual;NA;NA;NA;NA;0.164;NA;NA;NA;NA;142.6318101;NA;40.005;0.360570292
Groot;Rostraria cristata;Rostraria cristata;annual;NA;NA;NA;NA;0.255412603;14.44795083;NA;NA;NA;73.36489967;0.328554175;54.2097222;0.357649982
Groot;Rytidosperma richardsonii;Rytidosperma richardsonii;perennial;NA;NA;NA;NA;0.20993749;NA;NA;NA;NA;182.1590681;0.138961841;NA;NA
Groot;Rytidosperma setifolium;Rytidosperma setifolium;perennial;NA;NA;NA;NA;0.2;6.596524064;NA;NA;NA;141.2134009;0.326731853;NA;0.38
Groot;Schizachyrium crinizonatum;Schizachyrium crinizonatum;annual;NA;NA;NA;NA;0.1;3.4;NA;NA;NA;NA;NA;NA;0.41
Groot;Schizachyrium scoparium;Schizachyrium scoparium;perennial;NA;NA;NA;NA;0.274840571;11.36772565;NA;NA;NA;71.66428973;0.424696844;80;0.403212551
Groot;Secale cereale;Secale cereale;annual;NA;NA;NA;NA;0.661;NA;NA;NA;NA;86.6755;0.440833333;NA;0.0385
Groot;Sehima nervosum;Sehima nervosum;perennial;NA;NA;NA;NA;0.25;2.85;NA;NA;NA;NA;NA;NA;0.756666667
Groot;Setaria nigrirostris;Setaria nigrirostris;perennial;NA;NA;NA;NA;0.3;3.5;NA;NA;NA;NA;NA;NA;0.55
Groot;Sorghastrum nutans;Sorghastrum nutans;perennial;NA;NA;NA;NA;0.254561111;12.414309;NA;NA;NA;106.1696388;0.445328557;149.86;0.242752216
Groot;Sorghum bicolor;Sorghum bicolor;annual;NA;NA;NA;NA;0.414;NA;NA;NA;NA;128.054;0.50725;NA;0.062
Groot;Sorghum intrans;Sorghum intrans;annual;NA;NA;NA;NA;0.175;4.825;NA;NA;NA;NA;NA;NA;0.3425
Groot;Sorghum plumosum;Sorghum plumosum;perennial;NA;NA;NA;NA;0.4;2.516666667;NA;NA;NA;NA;NA;NA;0.598333333
Groot;Sporobolus heterolepis;Sporobolus heterolepis;perennial;NA;NA;NA;NA;0.35;NA;NA;NA;NA;52;NA;NA;0.2
Groot;Sporobolus nitens;Sporobolus nitens;perennial;NA;NA;NA;NA;0.3;7.55;NA;NA;NA;NA;NA;NA;0.555
Groot;Sporobolus pyramidalis;Sporobolus pyramidalis;perennial;NA;NA;NA;NA;0.3;4.1;NA;NA;NA;NA;NA;NA;0.64
Groot;Stipa comata;Stipa comata;perennial;NA;NA;NA;NA;0.209178572;17.407764;NA;NA;NA;79.18825345;0.4745;110.9142857;0.49068467
Groot;Stipa grandis;Stipa grandis;perennial;NA;NA;NA;NA;0.2015;NA;NA;NA;NA;51.63;NA;NA;NA
Groot;Stipa krylovii;Stipa krylovii;perennial;NA;NA;NA;NA;0.168109917;8.1;NA;NA;NA;54.45;NA;NA;NA
Groot;Stipa purpurea;Stipa purpurea;perennial;NA;NA;NA;NA;0.59;NA;NA;NA;NA;1.03752;NA;NA;NA
Groot;Stipa sibirica;Stipa sibirica;perennial;NA;NA;NA;NA;0.154725;NA;NA;NA;NA;82.3075;NA;NA;NA
Groot;Stipa spartea;Stipa spartea;perennial;NA;NA;NA;NA;0.2496;13.43075125;NA;NA;NA;61.25734351;NA;93.64;0.393143677
Groot;Tristachya leucothrix;Tristachya leucothrix;perennial;NA;NA;NA;NA;0.366666667;4.466666667;NA;NA;NA;NA;NA;NA;0.62
Groot;Triticum dicoccoides;Triticum dicoccoides;annual;NA;NA;NA;NA;0.562;NA;NA;NA;NA;79.209;0.434;NA;0.051
Groot;Triticum durum;Triticum durum;annual;NA;NA;NA;NA;0.512;NA;NA;NA;NA;59.664;0.425;NA;0.084
Groot;Urochloa mosambicensis;Urochloa mosambicensis;perennial;NA;NA;NA;NA;0.35;5.8;NA;NA;NA;NA;NA;NA;0.4625
Groot;Vulpia octoflora;Vulpia octoflora;annual;NA;NA;NA;NA;0.11168;NA;NA;NA;NA;437.3523058;0.327611169;NA;0.243529486
Groot;Whiteochloa multiciliata;Whiteochloa multiciliata;annual;NA;NA;NA;NA;0.55;4.3;NA;NA;NA;NA;NA;NA;0.635
Groot;Zea mays;Zea mays;annual;NA;NA;NA;NA;1.755349206;16.5;NA;NA;NA;22.667;0.324274603;81.6153846;0.079
Groot;Zea mexicana;Zea mexicana;annual;NA;NA;NA;NA;0.55;NA;NA;NA;NA;38.213;0.657;NA;0.114
Groot;Agrostis lyallii;Agrostis lyallii;annual;NA;NA;NA;NA;NA;NA;NA;NA;NA;100.8178957;NA;NA;0.109756033
Groot;Agrostis striata;Agrostis striata;annual;NA;NA;NA;NA;NA;NA;NA;NA;NA;80.80808599;NA;NA;0.126065786
Groot;Amphibromus fluitans;Amphibromus fluitans;perennial;NA;NA;NA;NA;NA;NA;NA;NA;NA;121.0361333;NA;NA;0.083984375
Groot;Calamagrostis avenoides;Calamagrostis avenoides;perennial;NA;NA;NA;NA;NA;NA;NA;NA;NA;52.87144433;NA;NA;0.168298775
Groot;Rytidosperma pumilum;Rytidosperma pumilum;perennial;NA;NA;NA;NA;NA;NA;NA;NA;NA;49.76746124;NA;NA;0.221538462
Groot;Agropyron desertorum;Agropyron desertorum;perennial;NA;NA;NA;NA;NA;11.38069789;NA;NA;NA;69.26935772;0.473333333;73.66;NA
Groot;Blepharoneuron tricholepis;Blepharoneuron tricholepis;perennial;NA;NA;NA;NA;NA;7.991358042;NA;NA;NA;57.61104025;NA;NA;NA
Groot;Brachiaria ruziziensis;Brachiaria ruziziensis;perennial;NA;NA;NA;NA;NA;11;NA;NA;NA;NA;NA;NA;NA
Groot;Bromus ciliatus;Bromus ciliatus;perennial;NA;NA;NA;NA;NA;9.29767549;NA;NA;NA;66.96317917;NA;NA;NA
Groot;Bromus tectorum;Bromus tectorum;annual;NA;NA;NA;NA;NA;7.006735802;NA;NA;NA;31.20434302;0.425;90.288;NA
Groot;Calamagrostis angustifolia;Calamagrostis angustifolia;perennial;NA;NA;NA;NA;NA;10.8;NA;NA;NA;NA;NA;NA;NA
Groot;Cenchrus ciliaris;Cenchrus ciliaris;perennial;NA;NA;NA;NA;NA;6.5;NA;NA;NA;NA;0.22;NA;NA
Groot;Chasmanthium latifolium;Chasmanthium latifolium;perennial;NA;NA;NA;NA;NA;14.87500439;NA;NA;NA;38.63855354;NA;NA;NA
Groot;Chondrosum simplex;Chondrosum simplex;annual;NA;NA;NA;NA;NA;14.18070555;NA;NA;NA;127.6487466;NA;NA;NA
Groot;Colpodium variegatum;Colpodium variegatum;perennial;NA;NA;NA;NA;NA;11.79116946;NA;NA;NA;54.70497055;NA;NA;NA
Groot;Dendrocalamus strictus;Dendrocalamus strictus;perennial;NA;NA;NA;NA;NA;8.5;NA;NA;NA;NA;NA;NA;NA
Groot;Desmostachya bipinnata;Desmostachya bipinnata;perennial;NA;NA;NA;NA;NA;5.6;NA;NA;NA;NA;NA;NA;NA
Groot;Dichanthium annulatum;Dichanthium annulatum;perennial;NA;NA;NA;NA;NA;6.7;NA;NA;NA;NA;NA;NA;NA
Groot;Elymus athericus;Elymus athericus;perennial;NA;NA;NA;NA;NA;7.420966343;NA;NA;NA;NA;0.126028207;NA;NA
Groot;Elymus elymoides;Elymus elymoides;perennial;NA;NA;NA;NA;NA;8.260598817;NA;NA;NA;19.41916685;0.328333333;75;0.387230769
Groot;Elymus trachycaulus;Elymus trachycaulus;perennial;NA;NA;NA;NA;NA;8.223750591;NA;NA;NA;62.47601098;0.305;NA;NA
Groot;Eragrostis mexicana;Eragrostis mexicana;annual;NA;NA;NA;NA;NA;7.764929533;NA;NA;NA;122.7974492;0.275;NA;NA
Groot;Festuca arizonica;Festuca arizonica;perennial;NA;NA;NA;NA;NA;5.825180749;NA;NA;NA;13.06073152;NA;86;0.2676
Groot;Festuca brunnescens;Festuca brunnescens;perennial;NA;NA;NA;NA;NA;13.30731823;NA;NA;NA;65.10988018;NA;NA;NA
Groot;Festuca eskia;Festuca eskia;perennial;NA;NA;NA;NA;NA;5.74;NA;NA;NA;NA;NA;NA;NA
Groot;Festuca varia;Festuca varia;perennial;NA;NA;NA;NA;NA;10.73641649;NA;NA;NA;160.1799998;NA;NA;NA
Groot;Helictotrichon versicolor;Helictotrichon versicolor;perennial;NA;NA;NA;NA;NA;6.081157261;NA;NA;NA;77.65999999;NA;NA;NA
Groot;Microstegium vimineum;Microstegium vimineum;annual;NA;NA;NA;NA;NA;10.36537515;NA;NA;NA;93.26189291;0.063175546;NA;NA
Groot;Muhlenbergia minutissima;Muhlenbergia minutissima;annual;NA;NA;NA;NA;NA;12.29115844;NA;NA;NA;127.7619548;NA;NA;NA
Groot;Muhlenbergia montana;Muhlenbergia montana;perennial;NA;NA;NA;NA;NA;6.413821578;NA;NA;NA;21.10366257;NA;90.3333333;0.4084
Groot;Muhlenbergia ramulosa;Muhlenbergia ramulosa;annual;NA;NA;NA;NA;NA;10.10622501;NA;NA;NA;186.8383261;NA;NA;NA
Groot;Muhlenbergia rigens;Muhlenbergia rigens;perennial;NA;NA;NA;NA;NA;6.745111346;NA;NA;NA;41.49463793;NA;NA;NA
Groot;Muhlenbergia wrightii;Muhlenbergia wrightii;perennial;NA;NA;NA;NA;NA;16.83747172;NA;NA;NA;31.29420282;NA;NA;0.369
Groot;Munroa squarrosa;Munroa squarrosa;annual;NA;NA;NA;NA;NA;9.399450421;NA;NA;NA;113.6706218;NA;NA;NA
Groot;Nassella clarazii;Nassella clarazii;perennial;NA;NA;NA;NA;NA;14;NA;NA;NA;NA;NA;NA;NA
Groot;Nassella tenuissima;Nassella tenuissima;perennial;NA;NA;NA;NA;NA;11;NA;NA;NA;NA;NA;NA;NA
Groot;Oryzopsis asperifolia;Oryzopsis asperifolia;perennial;NA;NA;NA;NA;NA;20.19;NA;NA;NA;34.67455449;NA;NA;NA
Groot;Poa costiniana;Poa costiniana;perennial;NA;NA;NA;NA;NA;25.09927556;NA;NA;NA;NA;0.269753419;NA;NA
Groot;Poa fendleriana;Poa fendleriana;perennial;NA;NA;NA;NA;NA;6.478414536;NA;NA;NA;27.45800541;NA;NA;0.279
Groot;Sasa kurilensis;Sasa kurilensis;perennial;NA;NA;NA;NA;NA;11.9;NA;NA;NA;NA;NA;NA;NA
Groot;Sporobolus interruptus;Sporobolus interruptus;perennial;NA;NA;NA;NA;NA;7.124177814;NA;NA;NA;78.88812255;NA;NA;NA
Groot;Stipa ichu;Stipa ichu;perennial;NA;NA;NA;NA;NA;5.35;NA;NA;NA;19.56;NA;NA;0.168
Groot;Triticum aestivum;Triticum aestivum;annual;NA;NA;NA;NA;NA;10.25555556;NA;NA;NA;NA;0.263980159;100;NA
Groot;Vietnamosasa pusilla;Vietnamosasa pusilla;perennial;NA;NA;NA;NA;NA;11.3;NA;NA;NA;NA;NA;NA;NA
Groot;Zizania palustris;Zizania palustris;annual;NA;NA;NA;NA;NA;9.835;NA;NA;NA;NA;NA;NA;NA
Groot;Brachiaria dictyoneura;Brachiaria dictyoneura;perennial;NA;NA;NA;NA;NA;3.7;NA;NA;NA;NA;NA;NA;NA
Groot;Brachiaria humidicola;Brachiaria humidicola;perennial;NA;NA;NA;NA;NA;3.75;NA;NA;NA;NA;0.305;NA;NA
Groot;Buchloe dactyloides;Buchloe dactyloides;perennial;NA;NA;NA;NA;NA;15.93328833;NA;NA;NA;110.5;0.43275;185.42;NA
Groot;Elymus smithii;Elymus smithii;perennial;NA;NA;NA;NA;NA;17.06975875;NA;NA;NA;73.5;0.3635;134;NA
Groot;Hilaria jamesii;Hilaria jamesii;perennial;NA;NA;NA;NA;NA;7.6;NA;NA;NA;NA;NA;NA;NA
Groot;Paspalum dilatatum;Paspalum dilatatum;perennial;NA;NA;NA;NA;NA;8.133333333;NA;NA;NA;18.37;NA;NA;0.102
Groot;Poa ligularis;Poa ligularis;perennial;NA;NA;NA;NA;NA;10.4;NA;NA;NA;NA;NA;70;NA
Groot;Bromus sterilis;Bromus sterilis;annual;NA;NA;NA;NA;NA;NA;NA;NA;NA;NA;0.485139699;150;NA
Groot;Danthonia spicata;Danthonia spicata;perennial;NA;NA;NA;NA;NA;NA;NA;NA;NA;NA;NA;NA;0.07
Groot;Echinochloa crus-galli;Echinochloa crus-galli;annual;NA;NA;NA;NA;NA;3.83;NA;NA;NA;33.57;0.2975;NA;0.14
Groot;Festuca paniculata;Festuca paniculata;perennial;NA;NA;NA;NA;NA;10;NA;NA;NA;88.9382;NA;NA;NA
Groot;Hemarthria altissima;Hemarthria altissima;perennial;NA;NA;NA;NA;NA;NA;NA;NA;NA;NA;0.123333333;NA;NA
Groot;Alopecurus alpinus;Alopecurus alpinus;perennial;NA;NA;NA;NA;NA;6.7;NA;NA;NA;NA;0.314412658;NA;NA
Groot;Chondrosum eriopodum;Chondrosum eriopodum;perennial;NA;NA;NA;NA;NA;5.9;NA;NA;NA;21.063;0.075;108.75;0.3575
Groot;Erioneuron pulchellum;Erioneuron pulchellum;perennial;NA;NA;NA;NA;NA;6.5;NA;NA;NA;NA;NA;NA;NA
Groot;Panicum obtusum;Panicum obtusum;perennial;NA;NA;NA;NA;NA;6.9;NA;NA;NA;NA;NA;NA;NA
Groot;Spartina patens;Spartina patens;perennial;NA;NA;NA;NA;NA;5.482133359;NA;NA;NA;NA;NA;NA;NA
Groot;Aira praecox;Aira praecox;annual;NA;NA;NA;NA;NA;NA;NA;NA;NA;NA;0.230769231;NA;NA
Groot;Apera spica-venti;Apera spica-venti;annual;NA;NA;NA;NA;NA;NA;NA;NA;NA;NA;0.346243367;NA;NA
Groot;Avena barbata;Avena barbata;annual;NA;NA;NA;NA;NA;NA;NA;NA;NA;NA;0.467209767;NA;NA
Groot;Avena fatua;Avena fatua;annual;NA;NA;NA;NA;NA;NA;NA;NA;NA;NA;0.236634248;NA;NA
Groot;Brachiaria brizantha;Brachiaria brizantha;perennial;NA;NA;NA;NA;NA;NA;NA;NA;NA;NA;0.271666667;NA;NA
Groot;Brachiaria decumbens;Brachiaria decumbens;perennial;NA;NA;NA;NA;NA;NA;NA;NA;NA;NA;0.29;NA;NA
Groot;Bromus diandrus;Bromus diandrus;annual;NA;NA;NA;NA;NA;NA;NA;NA;NA;NA;0.566488452;NA;NA
Groot;Bromus intermedius;Bromus intermedius;annual;NA;NA;NA;NA;NA;NA;NA;NA;NA;NA;0.27;NA;NA
Groot;Bromus kalmii;Bromus kalmii;perennial;NA;NA;NA;NA;NA;NA;NA;NA;NA;NA;0.33;NA;NA
Groot;Bromus riparius;Bromus riparius;perennial;NA;NA;NA;NA;NA;NA;NA;NA;NA;NA;0.405;NA;NA
Groot;Bromus squarrosus;Bromus squarrosus;annual;NA;NA;NA;NA;NA;NA;NA;NA;NA;NA;0.285;NA;NA
Groot;Bromus tomentellus;Bromus tomentellus;perennial;NA;NA;NA;NA;NA;NA;NA;NA;NA;NA;0.35;NA;NA
Groot;Deschampsia antarctica;Deschampsia antarctica;perennial;NA;NA;NA;NA;NA;NA;NA;NA;NA;NA;0.32;NA;NA
Groot;Digitaria ciliaris;Digitaria ciliaris;annual;NA;NA;NA;NA;NA;NA;NA;NA;NA;NA;0.24;NA;NA
Groot;Distichlis spicata;Distichlis spicata;perennial;NA;NA;NA;NA;NA;NA;NA;NA;NA;NA;0.112;60.96;NA
Groot;Elymus multisetus;Elymus multisetus;perennial;NA;NA;NA;NA;NA;NA;NA;NA;NA;32.07565216;0.364881758;NA;NA
Groot;Eragrostis pilosa;Eragrostis pilosa;annual;NA;NA;NA;NA;NA;NA;NA;NA;NA;NA;0.72;NA;NA
Groot;Festuca oelandica;Festuca oelandica;perennial;NA;NA;NA;NA;NA;NA;NA;NA;NA;NA;0.310820124;NA;NA
Groot;Leymus mollis;Leymus mollis;perennial;NA;NA;NA;NA;NA;NA;NA;NA;NA;NA;0.335;NA;NA
Groot;Lolium temulentum;Lolium temulentum;annual;NA;NA;NA;NA;NA;NA;NA;NA;NA;NA;0.27;NA;NA
Groot;Muhlenbergia racemosa;Muhlenbergia racemosa;perennial;NA;NA;NA;NA;NA;NA;NA;NA;NA;71.52399084;0.181260127;8.075;NA
Groot;Nassella pulchra;Nassella pulchra;perennial;NA;NA;NA;NA;NA;NA;NA;NA;NA;128.3020232;0.321808615;NA;NA
Groot;Oryzopsis hymenoides;Oryzopsis hymenoides;perennial;NA;NA;NA;NA;NA;NA;NA;NA;NA;12.01;0.275;125;0.269
Groot;Panicum antidotale;Panicum antidotale;perennial;NA;NA;NA;NA;NA;NA;NA;NA;NA;NA;0.22;NA;NA
Groot;Panicum dichotomiflorum;Panicum dichotomiflorum;annual;NA;NA;NA;NA;NA;NA;NA;NA;NA;NA;0.195;NA;NA
Groot;Panicum miliaceum;Panicum miliaceum;annual;NA;NA;NA;NA;NA;NA;NA;NA;NA;NA;0.45;NA;NA
Groot;Paspalum conjugatum;Paspalum conjugatum;perennial;NA;NA;NA;NA;NA;NA;NA;NA;NA;NA;0.055;NA;NA
Groot;Pennisetum setaceum;Pennisetum setaceum;perennial;NA;NA;NA;NA;NA;NA;NA;NA;NA;NA;0.25;NA;NA
Groot;Pennisetum violaceum;Pennisetum violaceum;annual;NA;NA;NA;NA;NA;NA;NA;NA;NA;NA;0.606666667;NA;NA
Groot;Pharus latifolius;Pharus latifolius;perennial;NA;NA;NA;NA;NA;NA;NA;NA;NA;NA;0.215;NA;NA
Groot;Rottboellia cochinchinensis;Rottboellia cochinchinensis;annual;NA;NA;NA;NA;NA;NA;NA;NA;NA;NA;0.15;NA;NA
Groot;Saccharum officinarum;Saccharum officinarum;perennial;NA;NA;NA;NA;NA;NA;NA;NA;NA;NA;0.315;NA;NA
Groot;Setaria faberi;Setaria faberi;annual;NA;NA;NA;NA;NA;NA;NA;NA;NA;4.521778399;0.180833333;14.4286508;NA
Groot;Setaria viridis;Setaria viridis;annual;NA;NA;NA;NA;NA;4.293333333;NA;NA;NA;39.28666667;0.331666667;NA;NA
Groot;Sorghum arundinaceum;Sorghum arundinaceum;1|2;NA;NA;NA;NA;NA;NA;NA;NA;NA;NA;0.713333333;NA;NA
Groot;Spartina pectinata;Spartina pectinata;perennial;NA;NA;NA;NA;NA;NA;NA;NA;NA;NA;0.374;159;NA
Groot;Sporobolus cryptandrus;Sporobolus cryptandrus;perennial;NA;NA;NA;NA;NA;27.8335825;NA;NA;NA;22.63833333;0.324;66.94;0.476
Groot;Steinchisma laxum;Steinchisma laxum;1|2;NA;NA;NA;NA;NA;NA;NA;NA;NA;NA;0.3225;NA;NA
Groot;Taeniatherum caput-medusae;Taeniatherum caput-medusae;annual;NA;NA;NA;NA;NA;NA;NA;NA;NA;NA;0.403333333;NA;NA
Groot;Tragus racemosus;Tragus racemosus;annual;NA;NA;NA;NA;NA;NA;NA;NA;NA;NA;0.12;NA;NA
Groot;Tridens flavus;Tridens flavus;perennial;NA;NA;NA;NA;NA;NA;NA;NA;NA;NA;0.45;NA;NA
Groot;Ventenata dubia;Ventenata dubia;annual;NA;NA;NA;NA;NA;NA;NA;NA;NA;NA;0.346666667;NA;NA
Groot;Vulpia microstachys;Vulpia microstachys;annual;NA;NA;NA;NA;NA;NA;NA;NA;NA;496.2265033;0.048507914;NA;NA
Groot;Bromus briziformis;Bromus briziformis;annual;NA;NA;NA;NA;NA;NA;NA;NA;NA;NA;NA;150;NA
Groot;Bromus japonicus;Bromus japonicus;annual;NA;NA;NA;NA;NA;NA;NA;NA;NA;NA;NA;150;NA
Groot;Bromus racemosus;Bromus racemosus;annual;NA;NA;NA;NA;NA;NA;NA;NA;NA;NA;NA;150;NA
Groot;Colpodium ponticum;Colpodium ponticum;perennial;NA;NA;NA;NA;NA;NA;NA;NA;NA;78.81000004;NA;NA;NA
Groot;Eragrostis minor;Eragrostis minor;annual;NA;NA;NA;NA;NA;5.94;NA;NA;NA;27.92;NA;NA;NA
Groot;Eustachys retusa;Eustachys retusa;perennial;NA;NA;NA;NA;NA;3.8;NA;NA;NA;29.25;NA;NA;0.159
Groot;Muhlenbergia peruviana;Muhlenbergia peruviana;annual;NA;NA;NA;NA;NA;10.9;NA;NA;NA;197.79;NA;NA;0.044
Groot;Puccinellia tenuissima;Puccinellia tenuissima;perennial;NA;NA;NA;NA;NA;15;NA;NA;NA;NA;NA;NA;NA
Groot;Schismus arabicus;Schismus arabicus;annual;NA;NA;NA;NA;NA;4.05;NA;NA;NA;NA;NA;NA;NA
Groot;Stipa bungeana;Stipa bungeana;perennial;NA;NA;NA;NA;NA;NA;NA;NA;NA;58.8625;NA;NA;NA
Groot;Stipagrostis pennata;Stipagrostis pennata;perennial;NA;NA;NA;NA;NA;7.6;NA;NA;NA;12.57;NA;NA;NA
Groot;Vulpia myuros;Vulpia myuros;annual;NA;NA;NA;NA;NA;7.5;NA;NA;NA;268.91;NA;NA;0.044
Groot;Aeluropus littoralis;Aeluropus littoralis;perennial;NA;NA;NA;NA;NA;3.9;NA;NA;NA;NA;NA;NA;NA
Groot;Stipa pennata;Stipa pennata;perennial;NA;NA;NA;NA;NA;10.6;NA;NA;NA;NA;NA;NA;NA
Groot;Agropyron mongolicum;Agropyron mongolicum;perennial;NA;NA;NA;NA;NA;8.32;NA;NA;NA;15.82;NA;NA;NA
Groot;Chionochloa macra;Chionochloa macra;perennial;NA;NA;NA;NA;NA;4.54545;NA;NA;NA;NA;NA;NA;NA
Groot;Cleistogenes songorica;Cleistogenes songorica;perennial;NA;NA;NA;NA;NA;4.46;NA;NA;NA;44.79625;NA;NA;NA
Groot;Digitaria eriantha;Digitaria eriantha;perennial;NA;NA;NA;NA;NA;3.63;NA;NA;NA;NA;NA;NA;NA
Groot;Festuca altaica;Festuca altaica;perennial;NA;NA;NA;NA;NA;12.5;NA;NA;NA;NA;NA;84;NA
Groot;Festuca brachyphylla;Festuca brachyphylla;perennial;NA;NA;NA;NA;NA;10;NA;NA;NA;NA;NA;NA;NA
Groot;Helictotrichon cantabricum;Helictotrichon cantabricum;perennial;NA;NA;NA;NA;NA;7.4;NA;NA;NA;NA;NA;NA;NA
Groot;Poa sinaica;Poa sinaica;perennial;NA;NA;NA;NA;NA;11.6;NA;NA;NA;NA;NA;NA;NA
Groot;Sesleria albicans;Sesleria albicans;perennial;NA;NA;NA;NA;NA;9.5;NA;NA;NA;NA;NA;NA;NA
Groot;Sesleria argentea;Sesleria argentea;perennial;NA;NA;NA;NA;NA;9.86;NA;NA;NA;NA;NA;NA;NA
Groot;Stipa tianschanica;Stipa tianschanica;perennial;NA;NA;NA;NA;NA;8.25;NA;NA;NA;23.9775;NA;NA;NA
Groot;Schizachyrium condensatum;Schizachyrium condensatum;perennial;NA;NA;NA;NA;NA;NA;NA;NA;NA;NA;NA;137.2633333;NA
Groot;Bromus porteri;Bromus porteri;perennial;NA;NA;NA;NA;NA;NA;NA;NA;NA;17.744;NA;NA;0.2552
Groot;Agrostis hallii;Agrostis hallii;perennial;NA;NA;NA;NA;NA;NA;NA;NA;NA;NA;NA;70;NA
Groot;Arctagrostis latifolia;Arctagrostis latifolia;perennial;NA;NA;NA;NA;NA;NA;NA;NA;NA;NA;NA;30;NA
Groot;Aristida ternipes;Aristida ternipes;perennial;NA;NA;NA;NA;NA;NA;NA;NA;NA;NA;NA;60;NA
Groot;Arundinaria faberi;Arundinaria faberi;perennial;NA;NA;NA;NA;NA;NA;NA;NA;NA;NA;NA;100;NA
Groot;Bromus cebadilla;Bromus cebadilla;perennial;NA;NA;NA;NA;NA;NA;NA;NA;NA;NA;NA;114;NA
Groot;Calamagrostis purpurascens;Calamagrostis purpurascens;perennial;NA;NA;NA;NA;NA;NA;NA;NA;NA;NA;NA;81.28;NA
Groot;Cenchrus biflorus;Cenchrus biflorus;annual;NA;NA;NA;NA;NA;NA;NA;NA;NA;NA;NA;101.6;NA
Groot;Eragrostis lehmanniana;Eragrostis lehmanniana;perennial;NA;NA;NA;NA;NA;NA;NA;NA;NA;NA;NA;120;NA
Groot;Festuca idahoensis;Festuca idahoensis;perennial;NA;NA;NA;NA;NA;NA;NA;NA;NA;NA;NA;40;NA
Groot;Hilaria mutica;Hilaria mutica;perennial;NA;NA;NA;NA;NA;NA;NA;NA;NA;NA;NA;72.5;NA
Groot;Hilaria rigida;Hilaria rigida;perennial;NA;NA;NA;NA;NA;NA;NA;NA;NA;NA;NA;40;NA
Groot;Imperata cylindrica;Imperata cylindrica;perennial;NA;NA;NA;NA;NA;NA;NA;NA;NA;NA;NA;180;NA
Groot;Isachne globosa;Isachne globosa;1|2;NA;NA;NA;NA;NA;NA;NA;NA;NA;NA;NA;15;NA
Groot;Leymus cinereus;Leymus cinereus;perennial;NA;NA;NA;NA;NA;NA;NA;NA;NA;NA;NA;125;NA
Groot;Leymus triticoides;Leymus triticoides;perennial;NA;NA;NA;NA;NA;NA;NA;NA;NA;NA;NA;116.84;NA
Groot;Miscanthus sinensis;Miscanthus sinensis;perennial;NA;NA;NA;NA;NA;NA;NA;NA;NA;NA;NA;25;NA
Groot;Muhlenbergia arenacea;Muhlenbergia arenacea;perennial;NA;NA;NA;NA;NA;NA;NA;NA;NA;NA;NA;125;NA
Groot;Muhlenbergia porteri;Muhlenbergia porteri;perennial;NA;NA;NA;NA;NA;NA;NA;NA;NA;NA;NA;65;NA
Groot;Muhlenbergia pungens;Muhlenbergia pungens;perennial;NA;NA;NA;NA;NA;NA;NA;NA;NA;NA;NA;83.82;NA
Groot;Muhlenbergia torreyi;Muhlenbergia torreyi;perennial;NA;NA;NA;NA;NA;NA;NA;NA;NA;NA;NA;139.7;NA
Groot;Oldeania alpina;Oldeania alpina;perennial;NA;NA;NA;NA;NA;NA;NA;NA;NA;NA;NA;396.24;NA
Groot;Pennisetum clandestinum;Pennisetum clandestinum;perennial;NA;NA;NA;NA;NA;NA;NA;NA;NA;NA;NA;164;NA
Groot;Piptochaetium napostaense;Piptochaetium napostaense;perennial;NA;NA;NA;NA;NA;NA;NA;NA;NA;NA;NA;60;NA
Groot;Poa arctica;Poa arctica;perennial;NA;NA;NA;NA;NA;NA;NA;NA;NA;NA;NA;15;NA
Groot;Redfieldia flexuosa;Redfieldia flexuosa;perennial;NA;NA;NA;NA;NA;NA;NA;NA;NA;NA;NA;142.24;NA
Groot;Saccharum ravennae;Saccharum ravennae;perennial;NA;NA;NA;NA;NA;NA;NA;NA;NA;NA;NA;125;NA
Groot;Saccharum spontaneum;Saccharum spontaneum;perennial;NA;NA;NA;NA;NA;NA;NA;NA;NA;NA;NA;150;NA
Groot;Scleropogon brevifolius;Scleropogon brevifolius;perennial;NA;NA;NA;NA;NA;NA;NA;NA;NA;NA;NA;103;NA
Groot;Sporobolus compositus;Sporobolus compositus;perennial;NA;NA;NA;NA;NA;NA;NA;NA;NA;NA;NA;101.6;NA
Groot;Sporobolus contractus;Sporobolus contractus;perennial;NA;NA;NA;NA;NA;NA;NA;NA;NA;NA;NA;130;NA
Groot;Sporobolus nealleyi;Sporobolus nealleyi;perennial;NA;NA;NA;NA;NA;NA;NA;NA;NA;NA;NA;19;NA
Groot;Sporobolus tenellus;Sporobolus tenellus;perennial;NA;NA;NA;NA;NA;NA;NA;NA;NA;NA;NA;49;NA
Groot;Stipa humilis;Stipa humilis;perennial;NA;NA;NA;NA;NA;NA;NA;NA;NA;NA;NA;45;NA
Groot;Stipa lettermanii;Stipa lettermanii;perennial;NA;NA;NA;NA;NA;NA;NA;NA;NA;NA;NA;80;NA
Groot;Stipa speciosa;Stipa speciosa;perennial;NA;NA;NA;NA;NA;NA;NA;NA;NA;NA;NA;50;NA
Groot;Stipagrostis brevifolia;Stipagrostis brevifolia;perennial;NA;NA;NA;NA;NA;NA;NA;NA;NA;NA;NA;107.5;NA
Groot;Agropyron michnoi;Agropyron michnoi;perennial;NA;NA;NA;NA;NA;NA;NA;NA;NA;100.6025;NA;NA;NA
Groot;Hierochloe glabra;Hierochloe glabra;perennial;NA;NA;NA;NA;NA;NA;NA;NA;NA;81.0925;NA;NA;NA
Groot;Stipa baicalensis;Stipa baicalensis;perennial;NA;NA;NA;NA;NA;NA;NA;NA;NA;78.97;NA;NA;NA
Groot;Stipa breviflora;Stipa breviflora;perennial;NA;NA;NA;NA;NA;NA;NA;NA;NA;65.3125;NA;NA;NA
Craine2003_Oikos;Elymus repens;Elymus repens;perennial;NA;NA;NA;NA;0.3;NA;NA;NA;14.129;NA;NA;NA;0.11
Craine2003_Oikos;Poa nemoralis;Poa nemoralis;perennial;NA;NA;NA;NA;0.25;NA;NA;NA;15.188;NA;NA;NA;0.12
Craine2003_Oikos;Agrostis scabra;Agrostis scabra;perennial;NA;NA;NA;NA;0.21;NA;NA;NA;13.5;NA;NA;NA;0.2
Craine2003_Oikos;Andropogon gerardii;Andropogon gerardii;perennial;NA;NA;NA;NA;0.31;NA;NA;NA;13.75;NA;NA;NA;0.24
Craine2003_Oikos;Bouteloua curtipendula;Bouteloua curtipendula;perennial;NA;NA;NA;NA;0.32;NA;NA;NA;10.896;NA;NA;NA;0.19
Craine2003_Oikos;Calamagrostis canadensis;Calamagrostis canadensis;perennial;NA;NA;NA;NA;0.22;NA;NA;NA;12.831;NA;NA;NA;0.11
Craine2003_Oikos;Calamovilfa longifolia;Calamovilfa longifolia;perennial;NA;NA;NA;NA;0.48;NA;NA;NA;8.642;NA;NA;NA;0.18
Craine2003_Oikos;Elymus canadensis;Elymus canadensis;perennial;NA;NA;NA;NA;0.23;NA;NA;NA;13.608;NA;NA;NA;0.09
Craine2003_Oikos;Eragrostis trichodes;Eragrostis trichodes;perennial;NA;NA;NA;NA;0.21;NA;NA;NA;13.633;NA;NA;NA;0.39
Craine2003_Oikos;Festuca ovina;Festuca ovina;perennial;NA;NA;NA;NA;0.2;NA;NA;NA;12.055;NA;NA;NA;0.18
Craine2003_Oikos;Festuca rubra;Festuca rubra;perennial;NA;NA;NA;NA;0.22;NA;NA;NA;15.361;NA;NA;NA;0.17
Craine2003_Oikos;Cinnagrostis micrathera;Cinnagrostis micrathera;perennial;NA;NA;NA;NA;0.26;NA;NA;NA;5.028;NA;NA;NA;0.29
Craine2003_Oikos;Panicum capillare;Panicum capillare;annual;NA;NA;NA;NA;0.2;NA;NA;NA;21.667;NA;NA;NA;0.14
Craine2003_Oikos;Panicum virgatum;Panicum virgatum;perennial;NA;NA;NA;NA;0.44;NA;NA;NA;13.171;NA;NA;NA;0.19
Craine2003_Oikos;Phleum pratense;Phleum pratense;perennial;NA;NA;NA;NA;0.22;NA;NA;NA;15.577;NA;NA;NA;0.19
Craine2003_Oikos;Poa pratensis;Poa pratensis;perennial;NA;NA;NA;NA;0.21;NA;NA;NA;6.91;NA;NA;NA;0.1
Craine2003_Oikos;Schizachyrium scoparium;Schizachyrium scoparium;perennial;NA;NA;NA;NA;0.32;NA;NA;NA;14.2;NA;NA;NA;0.22
Craine2003_Oikos;Pennisetum glaucum;Pennisetum glaucum;annual;NA;NA;NA;NA;0.22;NA;NA;NA;19.701;NA;NA;NA;0.18
Craine2003_Oikos;Sorghastrum nutans;Sorghastrum nutans;perennial;NA;NA;NA;NA;0.27;NA;NA;NA;13.06;NA;NA;NA;0.17
Craine2003_Oikos;Sporobolus heterolepis;Sporobolus heterolepis;perennial;NA;NA;NA;NA;0.35;NA;NA;NA;11.927;NA;NA;NA;0.2
Nippert&Donnelly;Aegilops cylindrica;Aegilops cylindrica;annual;NA;32.4;318.5982;20.416;NA;NA;NA;NA;25.8868565;NA;NA;NA;NA
Nippert&Donnelly;Alopecurus carolinianus;Alopecurus carolinianus;annual;NA;21.5;303.2472;26.6428;NA;NA;NA;NA;36.9948052;NA;NA;NA;NA
Nippert&Donnelly;Aristida oligantha;Aristida oligantha;annual;NA;24.2;397.4088;11.1152;NA;NA;NA;NA;15.38073053;NA;NA;NA;NA
Nippert&Donnelly;Bromus japonicus;Bromus japonicus;annual;NA;58.4;239.327;27.48;NA;NA;NA;NA;26.56898049;NA;NA;NA;NA
Nippert&Donnelly;Bromus tectorum;Bromus tectorum;annual;NA;32.75;223.681;24.529;NA;NA;NA;NA;29.32815475;NA;NA;NA;NA
Nippert&Donnelly;Cenchrus longispinus;Cenchrus longispinus;annual;NA;25.6;194.7782;27.12;NA;NA;NA;NA;26.16744275;NA;NA;NA;NA
Nippert&Donnelly;Digitaria ciliaris;Digitaria ciliaris;annual;NA;37.2;237.1014;34.156;NA;NA;NA;NA;25.51107534;NA;NA;NA;NA
Nippert&Donnelly;Digitaria ischaemum;Digitaria ischaemum;annual;NA;15.5;204.267;15.98;NA;NA;NA;NA;42.48213779;NA;NA;NA;NA
Nippert&Donnelly;Digitaria sp.;Digitaria sp.;annual;NA;26.375;240.2095;23.2464;NA;NA;NA;NA;30.54368914;NA;NA;NA;NA
Nippert&Donnelly;Echinochloa crus-galli;Echinochloa crus-galli;annual;NA;45.16666667;211.087;22.35;NA;NA;NA;NA;37.50325659;NA;NA;NA;NA
Nippert&Donnelly;Echinochloa muricata;Echinochloa muricata;annual;NA;68.16666667;263.2575;23.55166667;NA;NA;NA;NA;28.81761469;NA;NA;NA;NA
Nippert&Donnelly;Echinochloa sp.;Echinochloa sp.;annual;NA;37.2;221.446;25.04;NA;NA;NA;NA;25.9605946;NA;NA;NA;NA
Nippert&Donnelly;Eleusine indica;Eleusine indica;annual;NA;26.2;251.6152;27.5562;NA;NA;NA;NA;28.9377191;NA;NA;NA;NA
Nippert&Donnelly;Eragrostis cilianensis;Eragrostis cilianensis;annual;NA;22.4;267.3328;22.04;NA;NA;NA;NA;33.73405802;NA;NA;NA;NA
Nippert&Donnelly;Eragrostis pectinacea;Eragrostis pectinacea;annual;NA;13.5;290.7935;27.9142;NA;NA;NA;NA;39.22222222;NA;NA;NA;NA
Nippert&Donnelly;Eriochloa contracta;Eriochloa contracta;annual;NA;37.66666667;195.6186667;25.9;NA;NA;NA;NA;36.20591958;NA;NA;NA;NA
Nippert&Donnelly;Hordeum pusillum;Hordeum pusillum;annual;NA;25.5;293.8316;25.3788;NA;NA;NA;NA;21.91937279;NA;NA;NA;NA
Nippert&Donnelly;Leptochloa fusca;Leptochloa fusca;annual;NA;18.6;315.6114;26;NA;NA;NA;NA;21.033576;NA;NA;NA;NA
Nippert&Donnelly;Panicum capillare;Panicum capillare;annual;NA;46.6;322.1202;11.76;NA;NA;NA;NA;24.23288508;NA;NA;NA;NA
Nippert&Donnelly;Panicum dichotomiflorum;Panicum dichotomiflorum;annual;NA;51.7;307.537;19.3744;NA;NA;NA;NA;25.17932993;NA;NA;NA;NA
Nippert&Donnelly;Setaria pumila;Setaria pumila;annual;NA;55.9;173.6494;20.0516;NA;NA;NA;NA;29.08522421;NA;NA;NA;NA
Nippert&Donnelly;Setaria viridis;Setaria viridis;annual;NA;42.3;289.2416;21.02;NA;NA;NA;NA;35.02395622;NA;NA;NA;NA
Nippert&Donnelly;Sporobolus vaginiflorus;Sporobolus vaginiflorus;annual;NA;13.6;409.754;10.66;NA;NA;NA;NA;13.16052508;NA;NA;NA;NA
Nippert&Donnelly;Vulpia octoflora;Vulpia octoflora;annual;NA;19.1;413.052;16.62;NA;NA;NA;NA;15.87064444;NA;NA;NA;NA
Nippert&Donnelly;Agrostis gigantea;Agrostis gigantea;perennial;NA;53;329.273;20.42;NA;NA;NA;NA;16.07009591;NA;NA;NA;NA
Nippert&Donnelly;Agrostis hyemalis;Agrostis hyemalis;perennial;NA;30.7;357.7502;17.109;NA;NA;NA;NA;25.70171389;NA;NA;NA;NA
Nippert&Donnelly;Andropogon gerardii;Andropogon gerardii;perennial;NA;112.1;371.7152;13.7692;NA;NA;NA;NA;11.03102318;NA;NA;NA;NA
Nippert&Donnelly;Andropogon virginicus;Andropogon virginicus;perennial;NA;36.4;349.2114;17.807;NA;NA;NA;NA;21.31720941;NA;NA;NA;NA
Nippert&Donnelly;Bothriochloa bladhii;Bothriochloa bladhii;perennial;NA;86.5;355.4924;11.5158;NA;NA;NA;NA;11.11130629;NA;NA;NA;NA
Nippert&Donnelly;Bothriochloa ischaemum;Bothriochloa ischaemum;perennial;NA;40.8;309.1226;19.1524;NA;NA;NA;NA;19.65003053;NA;NA;NA;NA
Nippert&Donnelly;Bothriochloa laguroides;Bothriochloa laguroides;perennial;NA;77.6;319.95625;17.433;NA;NA;NA;NA;17.94700146;NA;NA;NA;NA
Nippert&Donnelly;Bouteloua curtipendula;Bouteloua curtipendula;perennial;NA;62.9;442.4966;12.311;NA;NA;NA;NA;9.82231987;NA;NA;NA;NA
Nippert&Donnelly;Bouteloua dactyloides;Buchloe dactyloides;perennial;NA;18.4;450.9938;16.3154;NA;NA;NA;NA;14.41600845;NA;NA;NA;NA
Nippert&Donnelly;Bouteloua gracilis;Bouteloua gracilis;perennial;NA;33.8;433.4134;14.6588;NA;NA;NA;NA;9.588206672;NA;NA;NA;NA
Nippert&Donnelly;Bouteloua hirsuta;Chondrosum hirsutum;perennial;NA;25.6;449.7874;10.2858;NA;NA;NA;NA;10.69992139;NA;NA;NA;NA
Nippert&Donnelly;Bromus inermis;Bromus inermis;perennial;NA;53.4;225.523;23.12;NA;NA;NA;NA;18.22359185;NA;NA;NA;NA
Nippert&Donnelly;Bromus pubescens;Bromus pubescens;perennial;NA;62.3;262.0256;21.72;NA;NA;NA;NA;39.01194257;NA;NA;NA;NA
Nippert&Donnelly;Chloris verticillata;Chloris verticillata;perennial;NA;14.6;341.9656;19.4188;NA;NA;NA;NA;22.08065722;NA;NA;NA;NA
Nippert&Donnelly;Dactylis glomerata;Dactylis glomerata;perennial;NA;64.7;253.587;27.0106;NA;NA;NA;NA;27.99226971;NA;NA;NA;NA
Nippert&Donnelly;Diarrhena obovata;Diarrhena obovata;perennial;NA;81.6;311.5494;27.72;NA;NA;NA;NA;25.66491307;NA;NA;NA;NA
Nippert&Donnelly;Dichanthelium linearifolium;Panicum linearifolium;perennial;NA;32.9;263.7488;18.0488;NA;NA;NA;NA;12.44514213;NA;NA;NA;NA
Nippert&Donnelly;Dichanthelium oligosanthes;Panicum oligosanthes;perennial;NA;25.2;244.0288;21.0687;NA;NA;NA;NA;17.61827903;NA;NA;NA;NA
Nippert&Donnelly;Dichanthelium praecocius;Panicum acuminatum;perennial;NA;19.5;244.788;15.0398;NA;NA;NA;NA;16.55932116;NA;NA;NA;NA
Nippert&Donnelly;Digitaria cognata;Digitaria cognata;perennial;NA;35.9;286.8222;17.8202;NA;NA;NA;NA;26.73018769;NA;NA;NA;NA
Nippert&Donnelly;Elymus canadensis;Elymus canadensis;perennial;NA;96;298.023;22.2048;NA;NA;NA;NA;14.39023079;NA;NA;NA;NA
Nippert&Donnelly;Elymus villosus;Elymus villosus;perennial;NA;89;335.991;24.3912;NA;NA;NA;NA;18.79886644;NA;NA;NA;NA
Nippert&Donnelly;Elymus virginicus;Elymus virginicus;perennial;NA;77.2;349.166;21.5448;NA;NA;NA;NA;18.41607161;NA;NA;NA;NA
Nippert&Donnelly;Eragrostis spectabilis;Eragrostis spectabilis;perennial;NA;25.5;384.1576;9.5262;NA;NA;NA;NA;13.04849229;NA;NA;NA;NA
Nippert&Donnelly;Glyceria striata;Glyceria striata;perennial;NA;69.3;299.5678;19.5332;NA;NA;NA;NA;18.45670098;NA;NA;NA;NA
Nippert&Donnelly;Hesperostipa spartea;Hesperostipa spartea;perennial;NA;72.3;325.9104;21.2488;NA;NA;NA;NA;8.761503057;NA;NA;NA;NA
Nippert&Donnelly;Hopia obtusa;Hopia obtusa;perennial;NA;47.875;299.241;16.975;NA;NA;NA;NA;13.57145488;NA;NA;NA;NA
Nippert&Donnelly;Koeleria macrantha;Koeleria macrantha;perennial;NA;31.3;319.4462;17.2476;NA;NA;NA;NA;13.38278694;NA;NA;NA;NA
Nippert&Donnelly;Leersia oryzoides;Leersia oryzoides;perennial;NA;64;328.7106667;22.11466667;NA;NA;NA;NA;34.03528758;NA;NA;NA;NA
Nippert&Donnelly;Leersia virginica;Leersia virginica;perennial;NA;32.6;339.3036;24.7358;NA;NA;NA;NA;51.88747535;NA;NA;NA;NA
Nippert&Donnelly;Lolium perenne;Lolium perenne;perennial;NA;19.4;255.2002;22.74;NA;NA;NA;NA;28.10305166;NA;NA;NA;NA
Nippert&Donnelly;Muhlenbergia bushii;Muhlenbergia bushii;perennial;NA;37;355.1408;20.78;NA;NA;NA;NA;44.88029304;NA;NA;NA;NA
Nippert&Donnelly;Muhlenbergia cuspidata;Muhlenbergia cuspidata;perennial;NA;42.4;512.6042;8.839;NA;NA;NA;NA;13.50735178;NA;NA;NA;NA
Nippert&Donnelly;Muhlenbergia frondosa;Muhlenbergia frondosa;perennial;NA;45.75;394.9417;13.89888889;NA;NA;NA;NA;27.3482545;NA;NA;NA;NA
Nippert&Donnelly;Muhlenbergia schreberi;Muhlenbergia schreberi;perennial;NA;31.9;334.4626;22.44;NA;NA;NA;NA;42.66026181;NA;NA;NA;NA
Nippert&Donnelly;Panicum virgatum;Panicum virgatum;perennial;NA;97.2;413.1682;10.846;NA;NA;NA;NA;9.291319304;NA;NA;NA;NA
Nippert&Donnelly;Pascopyrum smithii;Elymus smithii;perennial;NA;56.5;358.702;26.7742;NA;NA;NA;NA;7.600768646;NA;NA;NA;NA
Nippert&Donnelly;Paspalum pubiflorum;Paspalum pubiflorum;perennial;NA;46;187.4262;21.765;NA;NA;NA;NA;37.87046156;NA;NA;NA;NA
Nippert&Donnelly;Paspalum setaceum;Paspalum setaceum;perennial;NA;26;217.9168;15.48;NA;NA;NA;NA;27.01074888;NA;NA;NA;NA
Nippert&Donnelly;Phalaris arundinacea;Phalaris arundinacea;perennial;NA;123.2;330.252;28.1994;NA;NA;NA;NA;19.71328099;NA;NA;NA;NA
Nippert&Donnelly;Poa compressa;Poa compressa;perennial;NA;36.3;299.1736;11.2;NA;NA;NA;NA;16.76697995;NA;NA;NA;NA
Nippert&Donnelly;Poa pratensis;Poa pratensis;perennial;NA;35.64;272.5962;20.3114;NA;NA;NA;NA;21.69470713;NA;NA;NA;NA
Nippert&Donnelly;Schedonnardus paniculatus;Schedonnardus paniculatus;perennial;NA;17.2;346.363;18.131;NA;NA;NA;NA;19.95660264;NA;NA;NA;NA
Nippert&Donnelly;Schedonorus arundinaceus;Schedonorus arundinaceus;perennial;NA;54.4;246.7578;16.6014;NA;NA;NA;NA;14.83936277;NA;NA;NA;NA
Nippert&Donnelly;Schizachyrium scoparium;Schizachyrium scoparium;perennial;NA;67.7;381.2906;11.2074;NA;NA;NA;NA;17.25432693;NA;NA;NA;NA
Nippert&Donnelly;Sorghastrum nutans;Sorghastrum nutans;perennial;NA;137.9;388.7782;10.854;NA;NA;NA;NA;11.3625889;NA;NA;NA;NA
Nippert&Donnelly;Sorghum halepense;Sorghum halepense;perennial;NA;159.9;306.519;18.8152;NA;NA;NA;NA;21.23412823;NA;NA;NA;NA
Nippert&Donnelly;Spartina pectinata;Spartina pectinata;perennial;NA;222.4;428.4842;12.7284;NA;NA;NA;NA;6.764271976;NA;NA;NA;NA
Nippert&Donnelly;Sphenopholis obtusata;Sphenopholis obtusata;perennial;NA;40;275.7226;20.1334;NA;NA;NA;NA;21.8169419;NA;NA;NA;NA
Nippert&Donnelly;Sporobolus compositus;Sporobolus compositus;perennial;NA;56.2;371.2118;12.4676;NA;NA;NA;NA;14.18367821;NA;NA;NA;NA
Nippert&Donnelly;Sporobolus heterolepis;Sporobolus heterolepis;perennial;NA;59;487.5148;9.4216;NA;NA;NA;NA;9.706880706;NA;NA;NA;NA
Nippert&Donnelly;Tridens flavus;Tridens flavus;perennial;NA;79.2;381.7426;19.4192;NA;NA;NA;NA;15.51324324;NA;NA;NA;NA
Nippert&Donnelly;Tripsacum dactyloides;Tripsacum dactyloides;perennial;NA;114.3;264.5462;15.2302;NA;NA;NA;NA;18.63467896;NA;NA;NA;NA
Larios&Maron2021;Aira caryophyllea;Aira caryophyllea;annual;NA;20.32;NA;12.3;NA;NA;NA;0.1;21.892;NA;NA;NA;NA
Larios&Maron2021;Aira caryophyllea;Aira caryophyllea;annual;NA;6.85;NA;19.5;NA;NA;NA;0.1;28.621;NA;NA;NA;NA
Larios&Maron2021;Anthoxanthum aristatum;Anthoxanthum aristatum;annual;NA;22.95;NA;20.4;NA;NA;NA;0.4;28.204;NA;NA;NA;NA
Larios&Maron2021;Avena barbata;Avena barbata;annual;NA;61.71;NA;20.2;NA;NA;NA;6.1;20.77;NA;NA;NA;NA
Larios&Maron2021;Avena barbata;Avena barbata;annual;NA;36.13;NA;17.8;NA;NA;NA;6.1;6.552;NA;NA;NA;NA
Larios&Maron2021;Avena fatua;Avena fatua;annual;NA;35.76;NA;18.4;NA;NA;NA;8.9;5.996;NA;NA;NA;NA
Larios&Maron2021;Brachypodium distachyon;Brachypodium distachyon;annual;NA;9.58;NA;20.2;NA;NA;NA;4.2;19.086;NA;NA;NA;NA
Larios&Maron2021;Briza maxima;Briza maxima;annual;NA;25.23;NA;19.2;NA;NA;NA;3.8;30.778;NA;NA;NA;NA
Larios&Maron2021;Briza minor;Briza minor;annual;NA;12.13;NA;21.8;NA;NA;NA;0.4;44.355;NA;NA;NA;NA
Larios&Maron2021;Briza minor;Briza minor;annual;NA;8.09;NA;21.8;NA;NA;NA;0.4;45.17;NA;NA;NA;NA
Larios&Maron2021;Bromus diandrus;Bromus diandrus;annual;NA;43.9;NA;16.2;NA;NA;NA;15.4;28.004;NA;NA;NA;NA
Larios&Maron2021;Bromus hordeaceus;Bromus hordeaceus;annual;NA;27.43;NA;22.2;NA;NA;NA;3.3;35.778;NA;NA;NA;NA
Larios&Maron2021;Bromus hordeaceus;Bromus hordeaceus;annual;NA;11.9;NA;20;NA;NA;NA;3.3;25.919;NA;NA;NA;NA
Larios&Maron2021;Bromus madritensis;Bromus madritensis;annual;NA;22.58;NA;19.6;NA;NA;NA;3.1;29.97;NA;NA;NA;NA
Larios&Maron2021;Cynosurus echinatus;Cynosurus echinatus;annual;NA;29.08;NA;17;NA;NA;NA;1.6;33.853;NA;NA;NA;NA
Larios&Maron2021;Cynosurus echinatus;Cynosurus echinatus;annual;NA;21.24;NA;17;NA;NA;NA;1.6;29.089;NA;NA;NA;NA
Larios&Maron2021;Hordeum marinum;Hordeum marinum;annual;NA;29.07;NA;28.3;NA;NA;NA;0.9;23.521;NA;NA;NA;NA
Larios&Maron2021;Hordeum murinum;Hordeum murinum;annual;NA;30.46;NA;26.5;NA;NA;NA;5.4;32.327;NA;NA;NA;NA
Larios&Maron2021;Hordeum murinum;Hordeum murinum;annual;NA;9.79;NA;26.5;NA;NA;NA;5.4;32.327;NA;NA;NA;NA
Larios&Maron2021;Lolium perenne;Lolium perenne;1|2;NA;38.24;NA;20.3;NA;NA;NA;2.1;30.348;NA;NA;NA;NA
Larios&Maron2021;Taeniatherum caput-medusae;Taeniatherum caput-medusae;annual;NA;42.2;NA;23.9;NA;NA;NA;3;21.974;NA;NA;NA;NA
Larios&Maron2021;Taeniatherum caput-medusae;Taeniatherum caput-medusae;annual;NA;26.21;NA;22;NA;NA;NA;3;19.805;NA;NA;NA;NA
Larios&Maron2021;Festuca bromoides;Vulpia bromoides;annual;NA;23.07;NA;16.4;NA;NA;NA;0.5;12.167;NA;NA;NA;NA
Larios&Maron2021;Festuca bromoides;Vulpia bromoides;annual;NA;23.99;NA;19.1;NA;NA;NA;0.5;12.167;NA;NA;NA;NA
Larios&Maron2021;Festuca microstachys;Vulpia microstachys;annual;NA;17.64;NA;16.7;NA;NA;NA;1.2;20.568;NA;NA;NA;NA
Sandal&Low2019;Aegilops triuncialis;Aegilops triuncialis;annual;NA;40.2;NA;NA;NA;NA;NA;NA;16.978;NA;NA;NA;NA
Sandal&Low2019;Aira caryophyllea;Aira caryophyllea;annual;NA;10.463;NA;NA;NA;NA;NA;NA;11.91;NA;NA;NA;NA
Sandal&Low2019;Avena barbata;Avena barbata;annual;NA;43.763;NA;NA;NA;NA;NA;NA;17.589;NA;NA;NA;NA
Sandal&Low2019;Avena fatua;Avena fatua;annual;NA;41.082;NA;NA;NA;NA;NA;NA;15.129;NA;NA;NA;NA
Sandal&Low2019;Brachypodium distachyon;Brachypodium distachyon;annual;NA;26.486;NA;NA;NA;NA;NA;NA;20.787;NA;NA;NA;NA
Sandal&Low2019;Briza maxima;Briza maxima;annual;NA;26.89;NA;NA;NA;NA;NA;NA;18.546;NA;NA;NA;NA
Sandal&Low2019;Briza minor;Briza minor;annual;NA;17.529;NA;NA;NA;NA;NA;NA;37.926;NA;NA;NA;NA
Sandal&Low2019;Bromus carinatus;Bromus carinatus;perennial;NA;33.311;NA;NA;NA;NA;NA;NA;13.617;NA;NA;NA;NA
Sandal&Low2019;Bromus diandrus;Bromus diandrus;annual;NA;33.743;NA;NA;NA;NA;NA;NA;17.88;NA;NA;NA;NA
Sandal&Low2019;Bromus hordeaceus;Bromus hordeaceus;annual;NA;26.523;NA;NA;NA;NA;NA;NA;20.092;NA;NA;NA;NA
Sandal&Low2019;Cynosurus echinatus;Cynosurus echinatus;annual;NA;22.469;NA;NA;NA;NA;NA;NA;26.091;NA;NA;NA;NA
Sandal&Low2019;Danthonia californica;Danthonia californica;perennial;NA;38.53;NA;NA;NA;NA;NA;NA;12.277;NA;NA;NA;NA
Sandal&Low2019;Elymus glaucus;Elymus glaucus;perennial;NA;44.556;NA;NA;NA;NA;NA;NA;14.375;NA;NA;NA;NA
Sandal&Low2019;Elymus multisetus;Elymus multisetus;perennial;NA;34.728;NA;NA;NA;NA;NA;NA;12.296;NA;NA;NA;NA
Sandal&Low2019;Festuca perennis;Lolium perenne;perennial;NA;36.788;NA;NA;NA;NA;NA;NA;17.438;NA;NA;NA;NA
Sandal&Low2019;Festuca rubra;Festuca rubra;perennial;NA;33.208;NA;NA;NA;NA;NA;NA;9.86;NA;NA;NA;NA
Sandal&Low2019;Hordeum marinum;Hordeum marinum;annual;NA;38.5;NA;NA;NA;NA;NA;NA;19.154;NA;NA;NA;NA
Sandal&Low2019;Hordeum murinum;Hordeum murinum;annual;NA;49.8;NA;NA;NA;NA;NA;NA;29.49;NA;NA;NA;NA
Sandal&Low2019;Koeleria macrantha;Koeleria macrantha;perennial;NA;31.315;NA;NA;NA;NA;NA;NA;14.192;NA;NA;NA;NA
Sandal&Low2019;Melica californica;Melica californica;perennial;NA;30.566;NA;NA;NA;NA;NA;NA;12.233;NA;NA;NA;NA
Sandal&Low2019;Stipa pulchra;Nassella pulchra;perennial;NA;37.215;NA;NA;NA;NA;NA;NA;11.228;NA;NA;NA;NA
Sandal&Low2019;Festuca myuros;Vulpia myuros;annual;NA;14.28;NA;NA;NA;NA;NA;NA;13.808;NA;NA;NA;NA
Sandaletal.2021;Aegilops triuncialis;Aegilops triuncialis;annual;NA;41.17790626;NA;NA;NA;NA;NA;NA;17.84617774;NA;NA;NA;NA
Sandaletal.2021;Agrostis pallens;Agrostis pallens;perennial;NA;81.8;NA;NA;NA;NA;NA;NA;24.33577534;NA;NA;NA;NA
Sandaletal.2021;Agrostis stolonifera;Agrostis stolonifera;perennial;NA;33.83045965;NA;NA;NA;NA;NA;NA;12.60026942;NA;NA;NA;NA
Sandaletal.2021;Aira caryophyllea;Aira caryophyllea;annual;NA;10.69903431;NA;NA;NA;NA;NA;NA;20.26627555;NA;NA;NA;NA
Sandaletal.2021;Anthoxanthum aristatum;Anthoxanthum aristatum;annual;NA;22.68968545;NA;NA;NA;NA;NA;NA;27.17913735;NA;NA;NA;NA
Sandaletal.2021;Avena barbata;Avena barbata;annual;NA;43.16961412;NA;NA;NA;NA;NA;NA;20.14184494;NA;NA;NA;NA
Sandaletal.2021;Avena fatua;Avena fatua;annual;NA;46.27687377;NA;NA;NA;NA;NA;NA;17.55623904;NA;NA;NA;NA
Sandaletal.2021;Brachypodium distachyon;Brachypodium distachyon;annual;NA;22.35898176;NA;NA;NA;NA;NA;NA;21.37282148;NA;NA;NA;NA
Sandaletal.2021;Briza maxima;Briza maxima;annual;NA;27.98829202;NA;NA;NA;NA;NA;NA;20.83831581;NA;NA;NA;NA
Sandaletal.2021;Briza minor;Briza minor;annual;NA;11.5031957;NA;NA;NA;NA;NA;NA;36.10105067;NA;NA;NA;NA
Sandaletal.2021;Bromus carinatus;Bromus carinatus;perennial;NA;40.00371507;NA;NA;NA;NA;NA;NA;14.24542582;NA;NA;NA;NA
Sandaletal.2021;Bromus diandrus;Bromus diandrus;annual;NA;34.70287273;NA;NA;NA;NA;NA;NA;19.77201594;NA;NA;NA;NA
Sandaletal.2021;Bromus hordeaceus;Bromus hordeaceus;annual;NA;22.19777508;NA;NA;NA;NA;NA;NA;24.66821861;NA;NA;NA;NA
Sandaletal.2021;Bromus laevipes;Bromus laevipes;perennial;NA;85.84928654;NA;NA;NA;NA;NA;NA;31.41107098;NA;NA;NA;NA
Sandaletal.2021;Bromus madritensis;Bromus madritensis;annual;NA;21.351587;NA;NA;NA;NA;NA;NA;22.10376467;NA;NA;NA;NA
Sandaletal.2021;Bromus sterilis;Bromus sterilis;annual;NA;NA;NA;NA;NA;NA;NA;NA;27.92864103;NA;NA;NA;NA
Sandaletal.2021;Bromus tectorum;Bromus tectorum;annual;NA;20.18774556;NA;NA;NA;NA;NA;NA;22.14265817;NA;NA;NA;NA
Sandaletal.2021;Calamagrostis ophitidis;Calamagrostis ophitidis;perennial;NA;23.4;NA;NA;NA;NA;NA;NA;3.893260292;NA;NA;NA;NA
Sandaletal.2021;Cynosurus echinatus;Cynosurus echinatus;annual;NA;24.86344272;NA;NA;NA;NA;NA;NA;28.67013207;NA;NA;NA;NA
Sandaletal.2021;Dactylis glomerata;Dactylis glomerata;perennial;NA;71.30497879;NA;NA;NA;NA;NA;NA;15.07707628;NA;NA;NA;NA
Sandaletal.2021;Danthonia californica;Danthonia californica;perennial;NA;31.94542476;NA;NA;NA;NA;NA;NA;14.24662758;NA;NA;NA;NA
Sandaletal.2021;Deschampsia danthonioides;Deschampsia danthonioides;annual;NA;35.1;NA;NA;NA;NA;NA;NA;31.47916667;NA;NA;NA;NA
Sandaletal.2021;Elymus elymoides;Elymus elymoides;perennial;NA;37.28136264;NA;NA;NA;NA;NA;NA;8.418752162;NA;NA;NA;NA
Sandaletal.2021;Elymus glaucus;Elymus glaucus;perennial;NA;49.43920123;NA;NA;NA;NA;NA;NA;16.03681149;NA;NA;NA;NA
Sandaletal.2021;Elymus multisetus;Elymus multisetus;perennial;NA;29.73723567;NA;NA;NA;NA;NA;NA;13.64587272;NA;NA;NA;NA
Sandaletal.2021;Erioneuron pulchellum;Erioneuron pulchellum;perennial;NA;NA;NA;NA;NA;NA;NA;NA;7.052923161;NA;NA;NA;NA
Sandaletal.2021;Festuca arundinacea;Festuca arundinacea;perennial;NA;54.57142857;NA;NA;NA;NA;NA;NA;7.015924877;NA;NA;NA;NA
Sandaletal.2021;Festuca californica;Festuca californica;perennial;NA;112.2967275;NA;NA;NA;NA;NA;NA;8.299660306;NA;NA;NA;NA
Sandaletal.2021;Festuca idahoensis;Festuca idahoensis;perennial;NA;62.2;NA;NA;NA;NA;NA;NA;13.52444134;NA;NA;NA;NA
Sandaletal.2021;Festuca occidentalis;Festuca occidentalis;perennial;NA;51.5;NA;NA;NA;NA;NA;NA;15.65617433;NA;NA;NA;NA
Sandaletal.2021;Festuca rubra;Festuca rubra;perennial;NA;29.02406227;NA;NA;NA;NA;NA;NA;13.0450437;NA;NA;NA;NA
Sandaletal.2021;Gastridium ventricosum;Gastridium ventricosum;annual;NA;25.84969158;NA;NA;NA;NA;NA;NA;27.24634163;NA;NA;NA;NA
Sandaletal.2021;Hilaria rigida;Hilaria rigida;perennial;NA;NA;NA;NA;NA;NA;NA;NA;8.784337348;NA;NA;NA;NA
Sandaletal.2021;Holcus lanatus;Holcus lanatus;perennial;NA;27.12177989;NA;NA;NA;NA;NA;NA;17.17388966;NA;NA;NA;NA
Sandaletal.2021;Hordeum brachyantherum;Hordeum brachyantherum;perennial;NA;42.62049045;NA;NA;NA;NA;NA;NA;18.76488687;NA;NA;NA;NA
Sandaletal.2021;Hordeum marinum;Hordeum marinum;annual;NA;26.11898452;NA;NA;NA;NA;NA;NA;17.531233;NA;NA;NA;NA
Sandaletal.2021;Hordeum murinum;Hordeum murinum;annual;NA;26.7339575;NA;NA;NA;NA;NA;NA;28.00391168;NA;NA;NA;NA
Sandaletal.2021;Koeleria macrantha;Koeleria macrantha;perennial;NA;35.25603585;NA;NA;NA;NA;NA;NA;14.92858486;NA;NA;NA;NA
Sandaletal.2021;Lolium multiflorum;Lolium multiflorum;annual;NA;39.76125095;NA;NA;NA;NA;NA;NA;25.1920309;NA;NA;NA;NA
Sandaletal.2021;Lolium perenne;Lolium perenne;perennial;NA;30.3698271;NA;NA;NA;NA;NA;NA;17.55620232;NA;NA;NA;NA
Sandaletal.2021;Melica californica;Melica californica;perennial;NA;31.80298042;NA;NA;NA;NA;NA;NA;12.62052301;NA;NA;NA;NA
Sandaletal.2021;Melica geyeri;Melica geyeri;perennial;NA;78.2;NA;NA;NA;NA;NA;NA;12.37394546;NA;NA;NA;NA
Sandaletal.2021;Melica torreyana;Melica torreyana;perennial;NA;50.99019514;NA;NA;NA;NA;NA;NA;33.53540522;NA;NA;NA;NA
Sandaletal.2021;Nassella lepida;Nassella lepida;perennial;NA;71.53077587;NA;NA;NA;NA;NA;NA;14.75342294;NA;NA;NA;NA
Sandaletal.2021;Nassella pulchra;Nassella pulchra;perennial;NA;37.05898179;NA;NA;NA;NA;NA;NA;12.10552753;NA;NA;NA;NA
Sandaletal.2021;Phalaris aquatica;Phalaris aquatica;perennial;NA;74.29676301;NA;NA;NA;NA;NA;NA;20.53451101;NA;NA;NA;NA
Sandaletal.2021;Poa annua;Poa annua;annual;NA;10.55;NA;NA;NA;NA;NA;NA;37.46621622;NA;NA;NA;NA
Sandaletal.2021;Poa bulbosa;Poa bulbosa;perennial;NA;40;NA;NA;NA;NA;NA;NA;22.84180791;NA;NA;NA;NA
Sandaletal.2021;Poa howellii;Poa howellii;annual;NA;40.7;NA;NA;NA;NA;NA;NA;38.77272727;NA;NA;NA;NA
Sandaletal.2021;Poa secunda;Pseudosclerochloa rupestris;perennial;NA;28.20436812;NA;NA;NA;NA;NA;NA;12.04873937;NA;NA;NA;NA
Sandaletal.2021;Polypogon monspeliensis;Polypogon monspeliensis;annual;NA;18.30273204;NA;NA;NA;NA;NA;NA;19.02276084;NA;NA;NA;NA
Sandaletal.2021;Pseudosclerochloa rupestris;Pseudosclerochloa rupestris;annual;NA;NA;NA;NA;NA;NA;NA;NA;17.30928807;NA;NA;NA;NA
Sandaletal.2021;Schismus arabicus;Schismus arabicus;annual;NA;5.240491726;NA;NA;NA;NA;NA;NA;20.78828645;NA;NA;NA;NA
Sandaletal.2021;Schismus barbatus;Schismus barbatus;annual;NA;NA;NA;NA;NA;NA;NA;NA;13.55329335;NA;NA;NA;NA
Sandaletal.2021;Taeniatherum caput-medusae;Taeniatherum caput-medusae;annual;NA;31.03957769;NA;NA;NA;NA;NA;NA;25.27870791;NA;NA;NA;NA
Sandaletal.2021;Vulpia bromoides;Vulpia bromoides;annual;NA;20.78887653;NA;NA;NA;NA;NA;NA;14.62994259;NA;NA;NA;NA
Sandaletal.2021;Vulpia microstachys;Vulpia microstachys;annual;NA;13.38987461;NA;NA;NA;NA;NA;NA;15.67582953;NA;NA;NA;NA
Sandaletal.2021;Vulpia myuros;Vulpia myuros;annual;NA;19.90179501;NA;NA;NA;NA;NA;NA;15.07022659;NA;NA;NA;NA
Sandaletal.2021;Vulpia octoflora;Vulpia octoflora;annual;NA;5.3;NA;NA;NA;NA;NA;NA;38.62393162;NA;NA;NA;NA
Larsonetal.2015;Eriocoma lemmonii;Eriocoma lemmonii;perennial;78.1806368;NA;312.9;NA;NA;NA;NA;5.87;11.9825;80.975;NA;NA;NA
Larsonetal.2015;Agropyron cristatum;Agropyron cristatum;perennial;33.76239383;NA;230.225;NA;NA;NA;NA;2.3;22.57;115.495;NA;NA;NA
Larsonetal.2015;Agropyron cristatum;Agropyron cristatum;perennial;50.69647183;NA;211.825;NA;NA;NA;NA;1.17;28.3425;108.07;NA;NA;NA
Larsonetal.2015;Agropyron desertorum;Agropyron desertorum;perennial;28.5703376;NA;201.325;NA;NA;NA;NA;2.84;24.6125;89.3825;NA;NA;NA
Larsonetal.2015;Agropyron desertorum;Agropyron desertorum;perennial;71.18787588;NA;244.125;NA;NA;NA;NA;2.87;20.17;102.51;NA;NA;NA
Larsonetal.2015;Agropyron desertorum;Agropyron desertorum;perennial;39.55453532;NA;235.725;NA;NA;NA;NA;2.26;20.9275;112.325;NA;NA;NA
Larsonetal.2015;Agropyron fragile;Agropyron fragile;perennial;55.63404688;NA;218.5;NA;NA;NA;NA;2.84;21.4225;96.6325;NA;NA;NA
Larsonetal.2015;Agropyron fragile;Agropyron fragile;perennial;43.42552812;NA;237.45;NA;NA;NA;NA;2.62;21.6125;94.0275;NA;NA;NA
Larsonetal.2015;Agropyron fragile;Agropyron fragile;perennial;27.90547798;NA;217.225;NA;NA;NA;NA;2.6;21.715;92.8775;NA;NA;NA
Larsonetal.2015;Bromus inermis;Bromus inermis;perennial;84.41102758;NA;206.6;NA;NA;NA;NA;3.32;26.025;110.14;NA;NA;NA
Larsonetal.2015;Bromus inermis;Bromus inermis;perennial;50.51498127;NA;221.925;NA;NA;NA;NA;2.55;23.2725;89.3675;NA;NA;NA
Larsonetal.2015;Bromus japonicus;Bromus japonicus;annual;38.14596017;NA;211.25;NA;NA;NA;NA;2.18;25.885;92.4225;NA;NA;NA
Larsonetal.2015;Bromus riparius;Bromus riparius;perennial;91.82949777;NA;208.825;NA;NA;NA;NA;5.53;24.49;72.67;NA;NA;NA
Larsonetal.2015;Bromus riparius;Bromus riparius;perennial;75.96371882;NA;202.4;NA;NA;NA;NA;4.93;25.175;83.085;NA;NA;NA
Larsonetal.2015;Bromus tectorum;Bromus tectorum;annual;39.92673995;NA;189.1;NA;NA;NA;NA;2.32;29.145;132.205;NA;NA;NA
Larsonetal.2015;Elymus elymoides;Elymus elymoides;perennial;83.52075523;NA;256.6;NA;NA;NA;NA;3.02;19.76;107.12;NA;NA;NA
Larsonetal.2015;Elymus elymoides;Elymus elymoides;perennial;57.14506385;NA;255.8;NA;NA;NA;NA;2.31;16.695;100.8225;NA;NA;NA
Larsonetal.2015;Elymus elymoides;Elymus elymoides;perennial;88.33333333;NA;266.8;NA;NA;NA;NA;2.23;19.82;122.385;NA;NA;NA
Larsonetal.2015;Elymus elymoides;Elymus elymoides;perennial;60.47444618;NA;249.475;NA;NA;NA;NA;2;20.8725;69.19;NA;NA;NA
Larsonetal.2015;Elymus lanceolatus;Elymus lanceolatus;perennial;82.47422682;NA;244.725;NA;NA;NA;NA;2.95;18.225;101.66;NA;NA;NA
Larsonetal.2015;Elymus lanceolatus;Elymus lanceolatus;perennial;90.97251747;NA;218.225;NA;NA;NA;NA;2.99;21.6675;131.3575;NA;NA;NA
Larsonetal.2015;Elymus multisetus;Elymus multisetus;perennial;27.18172985;NA;244.525;NA;NA;NA;NA;2.51;20.8825;83.55;NA;NA;NA
Larsonetal.2015;Elymus trachycaulus;Elymus trachycaulus;perennial;97.6171024;NA;224.35;NA;NA;NA;NA;3.92;23.5575;134.7725;NA;NA;NA
Larsonetal.2015;Elymus trachycaulus;Elymus trachycaulus;perennial;58.97886035;NA;219.975;NA;NA;NA;NA;3.56;25.28;121.2975;NA;NA;NA
Larsonetal.2015;Elymus wawawaiensis ;Elymus wawawaiensis;perennial;54.67439065;NA;230.325;NA;NA;NA;NA;2.13;24.9175;91.19;NA;NA;NA
Larsonetal.2015;Eremopyrum triticeum;Eremopyrum triticeum;annual;18.63354035;NA;216.675;NA;NA;NA;NA;1.18;25.1325;128.5325;NA;NA;NA
Larsonetal.2015;Festuca idahoensis;Festuca idahoensis;perennial;94.84619935;NA;255.775;NA;NA;NA;NA;1.05;18.985;130.72;NA;NA;NA
Larsonetal.2015;Festuca ovina;Festuca ovina;perennial;75.94864185;NA;253.85;NA;NA;NA;NA;0.7;18.6675;167.4325;NA;NA;NA
Larsonetal.2015;Hesperostipa comata;Hesperostipa comata;perennial;51.41106123;NA;357.05;NA;NA;NA;NA;4.75;12.18;118.4725;NA;NA;NA
Larsonetal.2015;Koeleria macrantha;Koeleria macrantha;perennial;84.44764913;NA;273.375;NA;NA;NA;NA;0.28;17.525;211.0275;NA;NA;NA
Larsonetal.2015;Leymus cinereus;Leymus cinereus;perennial;90.61911998;NA;225.05;NA;NA;NA;NA;2.85;23.1125;71.905;NA;NA;NA
Larsonetal.2015;Lolium multiflorum;Lolium multiflorum;annual;29.13934092;NA;178.9;NA;NA;NA;NA;3.2;27.865;136.6;NA;NA;NA
Larsonetal.2015;Elymus smithii;Elymus smithii;perennial;92.60415277;NA;239.125;NA;NA;NA;NA;4.71;16.5375;73.6375;NA;NA;NA
Larsonetal.2015;Elymus smithii;Elymus smithii;perennial;71.28830915;NA;249.375;NA;NA;NA;NA;4.08;17.3425;68.1225;NA;NA;NA
Larsonetal.2015;Poa secunda;Pseudosclerochloa rupestris;perennial;47.67857143;NA;225.525;NA;NA;NA;NA;0.42;25.095;153.085;NA;NA;NA
Larsonetal.2015;Poa secunda;Pseudosclerochloa rupestris;perennial;83.78353078;NA;219.1;NA;NA;NA;NA;0.44;23.6475;160.25;NA;NA;NA
Larsonetal.2015;Poa secunda;Pseudosclerochloa rupestris;perennial;43.63250678;NA;244.75;NA;NA;NA;NA;0.46;26.9975;147.525;NA;NA;NA
Larsonetal.2015;Poa secunda;Pseudosclerochloa rupestris;perennial;21.51854678;NA;256.625;NA;NA;NA;NA;0.46;23.6525;89.775;NA;NA;NA
Larsonetal.2015;Psathyrostachys juncea ;Psathyrostachys juncea;perennial;97.98941797;NA;254.175;NA;NA;NA;NA;3.18;20.1375;134.39;NA;NA;NA
Larsonetal.2015;Psathyrostachys juncea ;Psathyrostachys juncea;perennial;92.98245612;NA;249.475;NA;NA;NA;NA;3.78;18.3975;116.83;NA;NA;NA
Larsonetal.2015;Psathyrostachys juncea ;Psathyrostachys juncea;perennial;14.2957183;NA;254.425;NA;NA;NA;NA;2.5;16.3775;65.2225;NA;NA;NA
Larsonetal.2015;Pseudoroegneria spicata;Elymus spicatus;perennial;77.02011965;NA;261.925;NA;NA;NA;NA;4.22;22.6425;88.85;NA;NA;NA
Larsonetal.2015;Pseudoroegneria spicata;Elymus spicatus;perennial;69.95925518;NA;237.425;NA;NA;NA;NA;4.77;26.2475;99.7975;NA;NA;NA
Larsonetal.2015;Pseudoroegneria spicata;Elymus spicatus;perennial;79.04215475;NA;249.65;NA;NA;NA;NA;2.96;23.8075;77.4125;NA;NA;NA
Larsonetal.2015;Pseudoroegneria spicata;Elymus spicatus;perennial;92.04712813;NA;270.25;NA;NA;NA;NA;3.38;20.9325;95.16;NA;NA;NA
Larsonetal.2015;Thinopyrum intermedium;Thinopyrum intermedium;perennial;92.2387648;NA;213.1;NA;NA;NA;NA;5.27;24.26;98.3125;NA;NA;NA
Larsonetal.2015;Thinopyrum obtusiflorum;Thinopyrum obtusiflorum;perennial;90.25651927;NA;218.575;NA;NA;NA;NA;5.73;19.07;103.185;NA;NA;NA
Voseetal;Avena barbata;Avena barbata;annual;NA;NA;NA;NA;0.369750374;NA;NA;NA;NA;148.9583129;0.608772688;NA;0.065825654
Voseetal;Bromus diandrus;Bromus diandrus;annual;NA;NA;NA;NA;NA;NA;NA;7.88;NA;NA;NA;NA;NA
Voseetal;Bromus madritensis;Bromus madritensis;annual;NA;NA;NA;NA;0.270723077;NA;NA;1.175;NA;280.8588766;0.503828913;NA;0.062144732
Voseetal;Leymus condesatus;Leymus condensatus;perennial;NA;NA;NA;35.63333333;0.412271429;NA;NA;1.85;98.76055331;98.09569611;0.654486373;NA;0.083307199
Voseetal;Stipa pulchra;Nassella pulchra;perennial;NA;NA;NA;42.5;0.352586667;NA;NA;3.795;90.52768043;132.6970211;0.533601468;NA;0.078745746
Arredondoetal1998;Bromus tectorum;Bromus tectorum;annual;NA;NA;NA;NA;NA;NA;NA;NA;26.2;426;NA;NA;NA
Arredondoetal1998;Taeniatherum caput-medusae;Taeniatherum caput-medusae;annual;NA;NA;NA;NA;NA;NA;NA;NA;18.5;398;NA;NA;NA
Larsonetal.2021;Andropogon gerardii;Andropogon gerardii;perennial;NA;12.50000004;NA;15.91279296;0.704266667;NA;NA;NA;35.40296187;NA;NA;NA;NA
Larsonetal.2021;Aristida purpurea;Aristida purpurea;perennial;NA;8.6;NA;14.93052763;0.7061;NA;NA;NA;35.63325924;NA;NA;NA;NA
Larsonetal.2021;Arrhenatherum elatius;Arrhenatherum elatius;perennial;NA;47.15000002;NA;NA;0.3197;NA;NA;NA;29.66881601;NA;NA;NA;NA
Larsonetal.2021;Bouteloua curtipendula;Bouteloua curtipendula;perennial;NA;24.74999999;NA;16.62321952;0.597475;NA;NA;NA;36.44269651;NA;NA;NA;NA
Larsonetal.2021;Bromus inermis;Bromus inermis;perennial;NA;15;NA;NA;0.6827;NA;NA;NA;46.32000938;NA;NA;NA;NA
Larsonetal.2021;Bromus japonicus;Bromus japonicus;annual;NA;28.24999998;NA;20.89820205;0.5409;NA;NA;NA;39.52037908;NA;NA;NA;NA
Larsonetal.2021;Bromus tectorum;Bromus tectorum;annual;NA;21.75000001;NA;NA;0.5728;NA;NA;NA;44.62676511;NA;NA;NA;NA
Larsonetal.2021;Dactylis glomerata;Dactylis glomerata;perennial;NA;22.24999997;NA;NA;0.422325;NA;NA;NA;45.98682903;NA;NA;NA;NA
Larsonetal.2021;Elymus elymoides;Elymus elymoides;perennial;NA;25.5;NA;20.30413791;0.62075;NA;NA;NA;20.09919548;NA;NA;NA;NA
Larsonetal.2021;Elymus repens;Elymus repens;perennial;NA;22.25000001;NA;NA;0.408375;NA;NA;NA;30.70408395;NA;NA;NA;NA
Larsonetal.2021;Koeleria macrantha;Koeleria macrantha;perennial;NA;13.60000002;NA;15.40108949;0.26642;NA;NA;NA;20.11786759;NA;NA;NA;NA
Larsonetal.2021;Panicum virgatum;Panicum virgatum;perennial;NA;46.74999998;NA;NA;0.390525;NA;NA;NA;29.18108207;NA;NA;NA;NA
Larsonetal.2021;Phleum pratense;Phleum pratense;perennial;NA;45.74999999;NA;NA;0.385975;NA;NA;NA;41.5253909;NA;NA;NA;NA
Larsonetal.2021;Poa compressa;Poa compressa;perennial;NA;10.87499998;NA;16.92960243;0.5316;NA;NA;NA;43.86319584;NA;NA;NA;NA
Larsonetal.2021;Poa pratensis;Poa pratensis;perennial;NA;21;NA;15.75278493;0.476275;NA;NA;NA;32.34145082;NA;NA;NA;NA
Larsonetal.2021;Schizachyrium scoparium;Schizachyrium scoparium;perennial;NA;14.99999999;NA;14.38005936;0.563175;NA;NA;NA;29.88227637;NA;NA;NA;NA
Larsonetal.2021;Sorghastrum nutans;Sorghastrum nutans;perennial;NA;26.33333337;NA;NA;0.5351;NA;NA;NA;29.61223141;NA;NA;NA;NA
Larsonetal.2021;Sporobolus compositus;Sporobolus compositus;perennial;NA;21.33333332;NA;NA;0.491916667;NA;NA;NA;28.13377391;NA;NA;NA;NA
Larsonetal.2021;Vulpia octoflora;Vulpia octoflora;annual;NA;12.75;NA;NA;0.352725;NA;NA;NA;53.49578715;NA;NA;NA;NA
